attack,base_total,defense,experience_growth,height_m,hp,japanese_name,name,percentage_male,pokedex_number,sp_attack,sp_defense,speed,type1,type2,weight_kg,generation,is_legendary
49,318,49,1059860,0.7,45,Fushigidaneフシギダネ,Bulbasaur,88.1,1,65,65,45,grass,poison,6.9,1,0
62,405,63,1059860,1,60,Fushigisouフシギソウ,Ivysaur,88.1,2,80,80,60,grass,poison,13,1,0
100,625,123,1059860,2,80,Fushigibanaフシギバナ,Venusaur,88.1,3,122,120,80,grass,poison,100,1,0
52,309,43,1059860,0.6,39,Hitokageヒトカゲ,Charmander,88.1,4,60,50,65,fire,,8.5,1,0
64,405,58,1059860,1.1,58,Lizardoリザード,Charmeleon,88.1,5,80,65,80,fire,,19,1,0
104,634,78,1059860,1.7,78,Lizardonリザードン,Charizard,88.1,6,159,115,100,fire,flying,90.5,1,0
48,314,65,1059860,0.5,44,Zenigameゼニガメ,Squirtle,88.1,7,50,64,43,water,,9,1,0
63,405,80,1059860,1,59,Kameilカメール,Wartortle,88.1,8,65,80,58,water,,22.5,1,0
103,630,120,1059860,1.6,79,Kamexカメックス,Blastoise,88.1,9,135,115,78,water,,85.5,1,0
30,195,35,1000000,0.3,45,Caterpieキャタピー,Caterpie,50,10,20,20,45,bug,,2.9,1,0
20,205,55,1000000,0.7,50,Transelトランセル,Metapod,50,11,25,25,30,bug,,9.9,1,0
45,395,50,1000000,1.1,60,Butterfreeバタフリー,Butterfree,50,12,90,80,70,bug,flying,32,1,0
35,195,30,1000000,0.3,40,Beedleビードル,Weedle,50,13,20,20,50,bug,poison,3.2,1,0
25,205,50,1000000,0.6,45,Cocoonコクーン,Kakuna,50,14,25,25,35,bug,poison,10,1,0
150,495,40,1000000,1,65,Spearスピアー,Beedrill,50,15,15,80,145,bug,poison,29.5,1,0
45,251,40,1059860,0.3,40,Poppoポッポ,Pidgey,50,16,35,35,56,normal,flying,1.8,1,0
60,349,55,1059860,1.1,63,Pigeonピジョン,Pidgeotto,50,17,50,50,71,normal,flying,30,1,0
80,579,80,1059860,1.5,83,Pigeotピジョット,Pidgeot,50,18,135,80,121,normal,flying,39.5,1,0
56,253,35,1000000,,30,Korattaコラッタ,Rattata,50,19,25,35,72,normal,dark,,1,0
71,413,70,1000000,,75,Rattaラッタ,Raticate,50,20,40,80,77,normal,dark,,1,0
60,262,30,1000000,0.3,40,Onisuzumeオニスズメ,Spearow,50,21,31,31,70,normal,flying,2,1,0
90,442,65,1000000,1.2,65,Onidrillオニドリル,Fearow,50,22,61,61,100,normal,flying,38,1,0
60,288,44,1000000,2,35,Arboアーボ,Ekans,50,23,40,54,55,poison,,6.9,1,0
95,448,69,1000000,3.5,60,Arbokアーボック,Arbok,50,24,65,79,80,poison,,65,1,0
55,320,40,1000000,0.4,35,Pikachuピカチュウ,Pikachu,50,25,50,50,90,electric,,6,1,0
85,485,50,1000000,,60,Raichuライチュウ,Raichu,50,26,95,85,110,electric,electric,,1,0
75,300,90,1000000,,50,Sandサンド,Sandshrew,50,27,10,35,40,ground,ice,,1,0
100,450,120,1000000,,75,Sandpanサンドパン,Sandslash,50,28,25,65,65,ground,ice,,1,0
47,275,52,1059860,0.4,55,Nidoran?ニドラン♀,Nidoran♀,0,29,40,40,41,poison,,7,1,0
62,365,67,1059860,0.8,70,Nidorinaニドリーナ,Nidorina,0,30,55,55,56,poison,,20,1,0
92,505,87,1059860,1.3,90,Nidoqueenニドクイン,Nidoqueen,0,31,75,85,76,poison,ground,60,1,0
57,273,40,1059860,0.5,46,Nidoran?ニドラン♂,Nidoran♂,100,32,40,40,50,poison,,9,1,0
72,365,57,1059860,0.9,61,Nidorinoニドリーノ,Nidorino,100,33,55,55,65,poison,,19.5,1,0
102,505,77,1059860,1.4,81,Nidokingニドキング,Nidoking,100,34,85,75,85,poison,ground,62,1,0
45,323,48,800000,0.6,70,Pippiピッピ,Clefairy,24.6,35,60,65,35,fairy,,7.5,1,0
70,483,73,800000,1.3,95,Pixyピクシー,Clefable,24.6,36,95,90,60,fairy,,40,1,0
41,299,40,1000000,,38,Rokonロコン,Vulpix,24.6,37,50,65,65,fire,ice,,1,0
67,505,75,1000000,,73,Kyukonキュウコン,Ninetales,24.6,38,81,100,109,fire,ice,,1,0
45,270,20,800000,0.5,115,Purinプリン,Jigglypuff,24.6,39,45,25,20,normal,fairy,5.5,1,0
70,435,45,800000,1,140,Pukurinプクリン,Wigglytuff,24.6,40,85,50,45,normal,fairy,12,1,0
45,245,35,1000000,0.8,40,Zubatズバット,Zubat,50,41,30,40,55,poison,flying,7.5,1,0
80,455,70,1000000,1.6,75,Golbatゴルバット,Golbat,50,42,65,75,90,poison,flying,55,1,0
50,320,55,1059860,0.5,45,Nazonokusaナゾノクサ,Oddish,50,43,75,65,30,grass,poison,5.4,1,0
65,395,70,1059860,0.8,60,Kusaihanaクサイハナ,Gloom,50,44,85,75,40,grass,poison,8.6,1,0
80,490,85,1059860,1.2,75,Ruffresiaラフレシア,Vileplume,50,45,110,90,50,grass,poison,18.6,1,0
70,285,55,1000000,0.3,35,Parasパラス,Paras,50,46,45,55,25,bug,grass,5.4,1,0
95,405,80,1000000,1,60,Parasectパラセクト,Parasect,50,47,60,80,30,bug,grass,29.5,1,0
55,305,50,1000000,1,60,Kongpangコンパン,Venonat,50,48,40,55,45,bug,poison,30,1,0
65,450,60,1000000,1.5,70,Morphonモルフォン,Venomoth,50,49,90,75,90,bug,poison,12.5,1,0
55,265,30,1000000,,10,Digdaディグダ,Diglett,50,50,35,45,90,ground,ground,,1,0
100,425,60,1000000,,35,Dugtrioダグトリオ,Dugtrio,50,51,50,70,110,ground,ground,,1,0
35,290,35,1000000,,40,Nyarthニャース,Meowth,50,52,50,40,90,normal,dark,,1,0
60,440,60,1000000,,65,Persianペルシアン,Persian,50,53,75,65,115,normal,dark,,1,0
52,320,48,1000000,0.8,50,Koduckコダック,Psyduck,50,54,65,50,55,water,,19.6,1,0
82,500,78,1000000,1.7,80,Golduckゴルダック,Golduck,50,55,95,80,85,water,,76.6,1,0
80,305,35,1000000,0.5,40,Mankeyマンキー,Mankey,50,56,35,45,70,fighting,,28,1,0
105,455,60,1000000,1,65,Okorizaruオコリザル,Primeape,50,57,60,70,95,fighting,,32,1,0
70,350,45,1250000,0.7,55,Gardieガーディ,Growlithe,75.4,58,70,50,60,fire,,19,1,0
110,555,80,1250000,1.9,90,Windieウインディ,Arcanine,75.4,59,100,80,95,fire,,155,1,0
50,300,40,1059860,0.6,40,Nyoromoニョロモ,Poliwag,50,60,40,40,90,water,,12.4,1,0
65,385,65,1059860,1,65,Nyorozoニョロゾ,Poliwhirl,50,61,50,50,90,water,,20,1,0
95,510,95,1059860,1.3,90,Nyorobonニョロボン,Poliwrath,50,62,70,90,70,water,fighting,54,1,0
20,310,15,1059860,0.9,25,Caseyケーシィ,Abra,75.4,63,105,55,90,psychic,,19.5,1,0
35,400,30,1059860,1.3,40,Yungererユンゲラー,Kadabra,75.4,64,120,70,105,psychic,,56.5,1,0
50,600,65,1059860,1.5,55,Foodinフーディン,Alakazam,75.4,65,175,105,150,psychic,,48,1,0
80,305,50,1059860,0.8,70,Wanrikyワンリキー,Machop,75.4,66,35,35,35,fighting,,19.5,1,0
100,405,70,1059860,1.5,80,Gorikyゴーリキー,Machoke,75.4,67,50,60,45,fighting,,70.5,1,0
130,505,80,1059860,1.6,90,Kairikyカイリキー,Machamp,75.4,68,65,85,55,fighting,,130,1,0
75,300,35,1059860,0.7,50,Madatsubomiマダツボミ,Bellsprout,50,69,70,30,40,grass,poison,4,1,0
90,390,50,1059860,1,65,Utsudonウツドン,Weepinbell,50,70,85,45,55,grass,poison,6.4,1,0
105,490,65,1059860,1.7,80,Utsubotウツボット,Victreebel,50,71,100,70,70,grass,poison,15.5,1,0
40,335,35,1250000,0.9,40,Menokurageメノクラゲ,Tentacool,50,72,50,100,70,water,poison,45.5,1,0
70,515,65,1250000,1.6,80,Dokukurageドククラゲ,Tentacruel,50,73,80,120,100,water,poison,55,1,0
80,300,100,1059860,,40,Isitsubuteイシツブテ,Geodude,50,74,30,30,20,rock,ground,,1,0
95,390,115,1059860,,55,Goloneゴローン,Graveler,50,75,45,45,35,rock,ground,,1,0
120,495,130,1059860,,80,Golonyaゴローニャ,Golem,50,76,55,65,45,rock,ground,,1,0
85,410,55,1000000,1,50,Ponytaポニータ,Ponyta,50,77,65,65,90,fire,,30,1,0
100,500,70,1000000,1.7,65,Gallopギャロップ,Rapidash,50,78,80,80,105,fire,,95,1,0
65,315,65,1000000,1.2,90,Yadonヤドン,Slowpoke,50,79,40,40,15,water,psychic,36,1,0
75,590,180,1000000,1.6,95,Yadoranヤドラン,Slowbro,50,80,130,80,30,water,psychic,78.5,1,0
35,325,70,1000000,0.3,25,Coilコイル,Magnemite,,81,95,55,45,electric,steel,6,1,0
60,465,95,1000000,1,50,Rarecoilレアコイル,Magneton,,82,120,70,70,electric,steel,60,1,0
90,377,55,1000000,0.8,52,Kamonegiカモネギ,Farfetch'd,50,83,58,62,60,normal,flying,15,1,0
85,310,45,1000000,1.4,35,Dodoドードー,Doduo,50,84,35,35,75,normal,flying,39.2,1,0
110,470,70,1000000,1.8,60,Dodorioドードリオ,Dodrio,50,85,60,60,110,normal,flying,85.2,1,0
45,325,55,1000000,1.1,65,Pawouパウワウ,Seel,50,86,45,70,45,water,,90,1,0
70,475,80,1000000,1.7,90,Jugonジュゴン,Dewgong,50,87,70,95,70,water,ice,120,1,0
80,325,50,1000000,,80,Betbeterベトベター,Grimer,50,88,40,50,25,poison,poison,,1,0
105,500,75,1000000,,105,Betbetonベトベトン,Muk,50,89,65,100,50,poison,poison,,1,0
65,305,100,1250000,0.3,30,Shellderシェルダー,Shellder,50,90,45,25,40,water,,4,1,0
95,525,180,1250000,1.5,50,Parshenパルシェン,Cloyster,50,91,85,45,70,water,ice,132.5,1,0
35,310,30,1059860,1.3,30,Ghosゴース,Gastly,50,92,100,35,80,ghost,poison,0.1,1,0
50,405,45,1059860,1.6,45,Ghostゴースト,Haunter,50,93,115,55,95,ghost,poison,0.1,1,0
65,600,80,1059860,1.5,60,Gangarゲンガー,Gengar,50,94,170,95,130,ghost,poison,40.5,1,0
45,385,160,1000000,8.8,35,Iwarkイワーク,Onix,50,95,30,45,70,rock,ground,210,1,0
48,328,45,1000000,1,60,Sleepeスリープ,Drowzee,50,96,43,90,42,psychic,,32.4,1,0
73,483,70,1000000,1.6,85,Sleeperスリーパー,Hypno,50,97,73,115,67,psychic,,75.6,1,0
105,325,90,1000000,0.4,30,Crabクラブ,Krabby,50,98,25,25,50,water,,6.5,1,0
130,475,115,1000000,1.3,55,Kinglerキングラー,Kingler,50,99,50,50,75,water,,60,1,0
30,330,50,1000000,0.5,40,Biriridamaビリリダマ,Voltorb,,100,55,55,100,electric,,10.4,1,0
50,490,70,1000000,1.2,60,Marumineマルマイン,Electrode,,101,80,80,150,electric,,66.6,1,0
40,325,80,1250000,0.4,60,Tamatamaタマタマ,Exeggcute,50,102,60,45,40,grass,psychic,2.5,1,0
105,530,85,1250000,,95,Nassyナッシー,Exeggutor,50,103,125,75,45,grass,psychic,,1,0
50,320,95,1000000,0.4,50,Karakaraカラカラ,Cubone,50,104,40,50,35,ground,,6.5,1,0
80,425,110,1000000,,60,Garagaraガラガラ,Marowak,50,105,50,80,45,ground,fire,,1,0
120,455,53,1000000,1.5,50,Sawamularサワムラー,Hitmonlee,100,106,35,110,87,fighting,,49.8,1,0
105,455,79,1000000,1.4,50,Ebiwalarエビワラー,Hitmonchan,100,107,35,110,76,fighting,,50.2,1,0
55,385,75,1000000,1.2,90,Beroringaベロリンガ,Lickitung,50,108,60,75,30,normal,,65.5,1,0
65,340,95,1000000,0.6,40,Dogarsドガース,Koffing,50,109,60,45,35,poison,,1,1,0
90,490,120,1000000,1.2,65,Matadogasマタドガス,Weezing,50,110,85,70,60,poison,,9.5,1,0
85,345,95,1250000,1,80,Sihornサイホーン,Rhyhorn,50,111,30,30,25,ground,rock,115,1,0
130,485,120,1250000,1.9,105,Sidonサイドン,Rhydon,50,112,45,45,40,ground,rock,120,1,0
5,450,5,800000,1.1,250,Luckyラッキー,Chansey,0,113,35,105,50,normal,,34.6,1,0
55,435,115,1000000,1,65,Monjaraモンジャラ,Tangela,50,114,100,40,60,grass,,35,1,0
125,590,100,1000000,2.2,105,Garuraガルーラ,Kangaskhan,0,115,60,100,100,normal,,80,1,0
40,295,70,1000000,0.4,30,Tattuタッツー,Horsea,50,116,70,25,60,water,,8,1,0
65,440,95,1000000,1.2,55,Seadraシードラ,Seadra,50,117,95,45,85,water,,25,1,0
67,320,60,1000000,0.6,45,Tosakintoトサキント,Goldeen,50,118,35,50,63,water,,15,1,0
92,450,65,1000000,1.3,80,Azumaoアズマオウ,Seaking,50,119,65,80,68,water,,39,1,0
45,340,55,1250000,0.8,30,Hitodemanヒトデマン,Staryu,,120,70,55,85,water,,34.5,1,0
75,520,85,1250000,1.1,60,Starmieスターミー,Starmie,,121,100,85,115,water,psychic,80,1,0
45,460,65,1000000,1.3,40,Barrierdバリヤード,Mr. Mime,50,122,100,120,90,psychic,fairy,54.5,1,0
110,500,80,1000000,1.5,70,Strikeストライク,Scyther,50,123,55,80,105,bug,flying,56,1,0
50,455,35,1000000,1.4,65,Rougelaルージュラ,Jynx,0,124,115,95,95,ice,psychic,40.6,1,0
83,490,57,1000000,1.1,65,Elebooエレブー,Electabuzz,75.4,125,95,85,105,electric,,30,1,0
95,495,57,1000000,1.3,65,Booberブーバー,Magmar,75.4,126,100,85,93,fire,,44.5,1,0
155,600,120,1250000,1.5,65,Kailiosカイロス,Pinsir,50,127,65,90,105,bug,,55,1,0
100,490,95,1250000,1.4,75,Kentaurosケンタロス,Tauros,100,128,40,70,110,normal,,88.4,1,0
10,200,55,1250000,0.9,20,Koikingコイキング,Magikarp,50,129,15,20,80,water,,10,1,0
155,640,109,1250000,6.5,95,Gyaradosギャラドス,Gyarados,50,130,70,130,81,water,flying,235,1,0
85,535,80,1250000,2.5,130,Laplaceラプラス,Lapras,50,131,85,95,60,water,ice,220,1,0
48,288,48,1000000,0.3,48,Metamonメタモン,Ditto,,132,48,48,48,normal,,4,1,0
55,325,50,1000000,0.3,55,Eievuiイーブイ,Eevee,88.1,133,45,65,55,normal,,6.5,1,0
65,525,60,1000000,1,130,Showersシャワーズ,Vaporeon,88.1,134,110,95,65,water,,29,1,0
65,525,60,1000000,0.8,65,Thundersサンダース,Jolteon,88.1,135,110,95,130,electric,,24.5,1,0
130,525,60,1000000,0.9,65,Boosterブースター,Flareon,88.1,136,95,110,65,fire,,25,1,0
60,395,70,1000000,0.8,65,Porygonポリゴン,Porygon,,137,85,75,40,normal,,36.5,1,0
40,355,100,1000000,0.4,35,Omniteオムナイト,Omanyte,88.1,138,90,55,35,rock,water,7.5,1,0
60,495,125,1000000,1,70,Omstarオムスター,Omastar,88.1,139,115,70,55,rock,water,35,1,0
80,355,90,1000000,0.5,30,Kabutoカブト,Kabuto,88.1,140,55,45,55,rock,water,11.5,1,0
115,495,105,1000000,1.3,60,Kabutopsカブトプス,Kabutops,88.1,141,65,70,80,rock,water,40.5,1,0
135,615,85,1250000,1.8,80,Pteraプテラ,Aerodactyl,88.1,142,70,95,150,rock,flying,59,1,0
110,540,65,1250000,2.1,160,Kabigonカビゴン,Snorlax,88.1,143,65,110,30,normal,,460,1,0
85,580,100,1250000,1.7,90,Freezerフリーザー,Articuno,,144,95,125,85,ice,flying,55.4,1,1
90,580,85,1250000,1.6,90,Thunderサンダー,Zapdos,,145,125,90,100,electric,flying,52.6,1,1
100,580,90,1250000,2,90,Fireファイヤー,Moltres,,146,125,85,90,fire,flying,60,1,1
64,300,45,1250000,1.8,41,Miniryuミニリュウ,Dratini,50,147,50,50,50,dragon,,3.3,1,0
84,420,65,1250000,4,61,Hakuryuハクリュー,Dragonair,50,148,70,70,70,dragon,,16.5,1,0
134,600,95,1250000,2.2,91,Kairyuカイリュー,Dragonite,50,149,100,100,80,dragon,flying,210,1,0
150,780,70,1250000,2,106,Mewtwoミュウツー,Mewtwo,,150,194,120,140,psychic,,122,1,1
100,600,100,1059860,0.4,100,Mewミュウ,Mew,,151,100,100,100,psychic,,4,1,1
49,318,65,1059860,0.9,45,Chicoritaチコリータ,Chikorita,88.1,152,49,65,45,grass,,6.4,2,0
62,405,80,1059860,1.2,60,Bayleafベイリーフ,Bayleef,88.1,153,63,80,60,grass,,15.8,2,0
82,525,100,1059860,1.8,80,Meganiumメガニウム,Meganium,88.1,154,83,100,80,grass,,100.5,2,0
52,309,43,1059860,0.5,39,Hinoarashiヒノアラシ,Cyndaquil,88.1,155,60,50,65,fire,,7.9,2,0
64,405,58,1059860,0.9,58,Magmarashiマグマラシ,Quilava,88.1,156,80,65,80,fire,,19,2,0
84,534,78,1059860,1.7,78,Bakphoonバクフーン,Typhlosion,88.1,157,109,85,100,fire,,79.5,2,0
65,314,64,1059860,0.6,50,Waninokoワニノコ,Totodile,88.1,158,44,48,43,water,,9.5,2,0
80,405,80,1059860,1.1,65,Alligatesアリゲイツ,Croconaw,88.1,159,59,63,58,water,,25,2,0
105,530,100,1059860,2.3,85,Ordileオーダイル,Feraligatr,88.1,160,79,83,78,water,,88.8,2,0
46,215,34,1000000,0.8,35,Otachiオタチ,Sentret,50,161,35,45,20,normal,,6,2,0
76,415,64,1000000,1.8,85,Ootachiオオタチ,Furret,50,162,45,55,90,normal,,32.5,2,0
30,262,30,1000000,0.7,60,Hohoホーホー,Hoothoot,50,163,36,56,50,normal,flying,21.2,2,0
50,452,50,1000000,1.6,100,Yorunozukuヨルノズク,Noctowl,50,164,86,96,70,normal,flying,40.8,2,0
20,265,30,800000,1,40,Redibaレディバ,Ledyba,50,165,40,80,55,bug,flying,10.8,2,0
35,390,50,800000,1.4,55,Redianレディアン,Ledian,50,166,55,110,85,bug,flying,35.6,2,0
60,250,40,800000,0.5,40,Itomaruイトマル,Spinarak,50,167,40,40,30,bug,poison,8.5,2,0
90,400,70,800000,1.1,70,Ariadosアリアドス,Ariados,50,168,60,70,40,bug,poison,33.5,2,0
90,535,80,1000000,1.8,85,Crobatクロバット,Crobat,50,169,70,80,130,poison,flying,75,2,0
38,330,38,1250000,0.5,75,Chonchieチョンチー,Chinchou,50,170,56,56,67,water,electric,12,2,0
58,460,58,1250000,1.2,125,Lanternランターン,Lanturn,50,171,76,76,67,water,electric,22.5,2,0
40,205,15,1000000,0.3,20,Pichuピチュー,Pichu,50,172,35,35,60,electric,,2,2,0
25,218,28,800000,0.3,50,Pyピィ,Cleffa,24.6,173,45,55,15,fairy,,3,2,0
30,210,15,800000,0.3,90,Pupurinププリン,Igglybuff,24.6,174,40,20,15,normal,fairy,1,2,0
20,245,65,800000,0.3,35,Togepyトゲピー,Togepi,88.1,175,40,65,20,fairy,,1.5,2,0
40,405,85,800000,0.6,55,Togechickトゲチック,Togetic,88.1,176,80,105,40,fairy,flying,3.2,2,0
50,320,45,1000000,0.2,40,Natyネイティ,Natu,50,177,70,45,70,psychic,flying,2,2,0
75,470,70,1000000,1.5,65,Natioネイティオ,Xatu,50,178,95,70,95,psychic,flying,15,2,0
40,280,40,1059860,0.6,55,Merriepメリープ,Mareep,50,179,65,45,35,electric,,7.8,2,0
55,365,55,1059860,0.8,70,Mokokoモココ,Flaaffy,50,180,80,60,45,electric,,13.3,2,0
95,610,105,1059860,1.4,90,Denryuデンリュウ,Ampharos,50,181,165,110,45,electric,,61.5,2,0
80,490,95,1059860,0.4,75,Kireihanaキレイハナ,Bellossom,50,182,90,100,50,grass,,5.8,2,0
20,250,50,800000,0.4,70,Marilマリル,Marill,50,183,20,50,40,water,fairy,8.5,2,0
50,420,80,800000,0.8,100,Marilliマリルリ,Azumarill,50,184,60,80,50,water,fairy,28.5,2,0
100,410,115,1000000,1.2,70,Usokkieウソッキー,Sudowoodo,50,185,30,65,30,rock,,38,2,0
75,500,75,1059860,1.1,90,Nyorotonoニョロトノ,Politoed,50,186,90,100,70,water,,33.9,2,0
35,250,40,1059860,0.4,35,Haneccoハネッコ,Hoppip,50,187,35,55,50,grass,flying,0.5,2,0
45,340,50,1059860,0.6,55,Popoccoポポッコ,Skiploom,50,188,45,65,80,grass,flying,1,2,0
55,460,70,1059860,0.8,75,Wataccoワタッコ,Jumpluff,50,189,55,95,110,grass,flying,3,2,0
70,360,55,800000,0.8,55,Eipamエイパム,Aipom,50,190,40,55,85,normal,,11.5,2,0
30,180,30,1059860,0.3,30,Himanutsヒマナッツ,Sunkern,50,191,30,30,30,grass,,1.8,2,0
75,425,55,1059860,0.8,75,Kimawariキマワリ,Sunflora,50,192,105,85,30,grass,,8.5,2,0
65,390,45,1000000,1.2,65,Yanyanmaヤンヤンマ,Yanma,50,193,75,45,95,bug,flying,38,2,0
45,210,45,1000000,0.4,55,Upahウパー,Wooper,50,194,25,25,15,water,ground,8.5,2,0
85,430,85,1000000,1.4,95,Nuohヌオー,Quagsire,50,195,65,65,35,water,ground,75,2,0
65,525,60,1000000,0.9,65,Eifieエーフィ,Espeon,88.1,196,130,95,110,psychic,,26.5,2,0
65,525,110,1000000,1,95,Blackyブラッキー,Umbreon,88.1,197,60,130,65,dark,,27,2,0
85,405,42,1059860,0.5,60,Yamikarasuヤミカラス,Murkrow,50,198,85,42,91,dark,flying,2.1,2,0
75,490,80,1000000,2,95,Yadokingヤドキング,Slowking,50,199,100,110,30,water,psychic,79.5,2,0
60,435,60,800000,0.7,60,Mumaムウマ,Misdreavus,50,200,85,85,85,ghost,,1,2,0
72,336,48,1000000,0.5,48,Unknownアンノーン,Unown,,201,72,48,48,psychic,,5,2,0
33,405,58,1000000,1.3,190,Sonansソーナンス,Wobbuffet,50,202,33,58,33,psychic,,28.5,2,0
80,455,65,1000000,1.5,70,Kirinrikiキリンリキ,Girafarig,50,203,90,65,85,normal,psychic,41.5,2,0
65,290,90,1000000,0.6,50,Kunugidamaクヌギダマ,Pineco,50,204,35,35,15,bug,,7.2,2,0
90,465,140,1000000,1.2,75,Foretosフォレトス,Forretress,50,205,60,60,40,bug,steel,125.8,2,0
70,415,70,1000000,1.5,100,Nokocchiノコッチ,Dunsparce,50,206,65,65,45,normal,,14,2,0
75,430,105,1059860,1.1,65,Gligerグライガー,Gligar,50,207,35,65,85,ground,flying,64.8,2,0
125,610,230,1000000,9.2,75,Haganeilハガネール,Steelix,50,208,55,95,30,steel,ground,400,2,0
80,300,50,800000,0.6,60,Buluブルー,Snubbull,24.6,209,40,40,30,fairy,,7.8,2,0
120,450,75,800000,1.4,90,Granbuluグランブル,Granbull,24.6,210,60,60,45,fairy,,48.7,2,0
95,440,85,1000000,0.5,65,Harysenハリーセン,Qwilfish,50,211,55,55,85,water,poison,3.9,2,0
150,600,140,1000000,1.8,70,Hassamハッサム,Scizor,50,212,65,100,75,bug,steel,118,2,0
10,505,230,1059860,0.6,20,Tsubotsuboツボツボ,Shuckle,50,213,10,230,5,bug,rock,20.5,2,0
185,600,115,1250000,1.5,80,Heracrosヘラクロス,Heracross,50,214,40,105,75,bug,fighting,54,2,0
95,430,55,1059860,0.9,55,Nyulaニューラ,Sneasel,50,215,35,75,115,dark,ice,28,2,0
80,330,50,1000000,0.6,60,Himegumaヒメグマ,Teddiursa,50,216,50,50,40,normal,,8.8,2,0
130,500,75,1000000,1.8,90,Ringumaリングマ,Ursaring,50,217,75,75,55,normal,,125.8,2,0
40,250,40,1000000,0.7,40,Magmagマグマッグ,Slugma,50,218,70,40,20,fire,,35,2,0
50,430,120,1000000,0.8,60,Magcargotマグカルゴ,Magcargo,50,219,90,80,30,fire,rock,55,2,0
50,250,40,1250000,0.4,50,Urimooウリムー,Swinub,50,220,30,30,50,ice,ground,6.5,2,0
100,450,80,1250000,1.1,100,Inomooイノムー,Piloswine,50,221,60,60,50,ice,ground,55.8,2,0
55,410,95,800000,0.6,65,Sunnygoサニーゴ,Corsola,24.6,222,65,95,35,water,rock,5,2,0
65,300,35,1000000,0.6,35,Teppouoテッポウオ,Remoraid,50,223,65,35,65,water,,12,2,0
105,480,75,1000000,0.9,75,Okutankオクタン,Octillery,50,224,105,75,45,water,,28.5,2,0
55,330,45,800000,0.9,45,Delibirdデリバード,Delibird,50,225,65,45,75,ice,flying,16,2,0
40,485,70,1250000,2.1,85,Mantainマンタイン,Mantine,50,226,80,140,70,water,flying,220,2,0
80,465,140,1250000,1.7,65,Airmdエアームド,Skarmory,50,227,40,70,70,steel,flying,50.5,2,0
60,330,30,1250000,0.6,45,Delvilデルビル,Houndour,50,228,80,50,65,dark,fire,10.8,2,0
90,600,90,1250000,1.4,75,Hellgarヘルガー,Houndoom,50,229,140,90,115,dark,fire,35,2,0
95,540,95,1000000,1.8,75,Kingdraキングドラ,Kingdra,50,230,95,95,85,water,dragon,152,2,0
60,330,60,1000000,0.5,90,Gomazouゴマゾウ,Phanpy,50,231,40,40,40,ground,,33.5,2,0
120,500,120,1000000,1.1,90,Donfanドンファン,Donphan,50,232,60,60,50,ground,,120,2,0
80,515,90,1000000,0.6,85,Porygon2ポリゴン２,Porygon2,,233,105,95,60,normal,,32.5,2,0
95,465,62,1250000,1.4,73,Odoshishiオドシシ,Stantler,50,234,85,65,85,normal,,71.2,2,0
20,250,35,800000,1.2,55,Dobleドーブル,Smeargle,50,235,20,45,75,normal,,58,2,0
35,210,35,1000000,0.7,35,Balkieバルキー,Tyrogue,100,236,35,35,35,fighting,,21,2,0
95,455,95,1000000,1.4,50,Kapoererカポエラー,Hitmontop,100,237,35,110,70,fighting,,48,2,0
30,305,15,1000000,0.4,45,Muchulムチュール,Smoochum,0,238,85,65,65,ice,psychic,6,2,0
63,360,37,1000000,0.6,45,Elekidエレキッド,Elekid,75.4,239,65,55,95,electric,,23.5,2,0
75,365,37,1000000,0.7,45,Bubyブビィ,Magby,75.4,240,70,55,83,fire,,21.4,2,0
80,490,105,1250000,1.2,95,Miltankミルタンク,Miltank,0,241,40,70,100,normal,,75.5,2,0
10,540,10,800000,1.5,255,Happinasハピナス,Blissey,0,242,75,135,55,normal,,46.8,2,0
85,580,75,1250000,1.9,90,Raikouライコウ,Raikou,,243,115,100,115,electric,,178,2,1
115,580,85,1250000,2.1,115,Enteiエンテイ,Entei,,244,90,75,100,fire,,198,2,1
75,580,115,1250000,2,100,Suicuneスイクン,Suicune,,245,90,115,85,water,,187,2,1
64,300,50,1250000,0.6,50,Yogirasヨーギラス,Larvitar,50,246,45,50,41,rock,ground,72,2,0
84,410,70,1250000,1.2,70,Sanagirasサナギラス,Pupitar,50,247,65,70,51,rock,ground,152,2,0
164,700,150,1250000,2,100,Bangirasバンギラス,Tyranitar,50,248,95,120,71,rock,dark,202,2,0
90,680,130,1250000,5.2,106,Lugiaルギア,Lugia,,249,90,154,110,psychic,flying,216,2,1
130,680,90,1250000,3.8,106,Hououホウオウ,Ho-Oh,,250,110,154,90,fire,flying,199,2,1
100,600,100,1059860,0.6,100,Celebiセレビィ,Celebi,,251,100,100,100,psychic,grass,5,2,1
45,310,35,1059860,0.5,40,Kimoriキモリ,Treecko,88.1,252,65,55,70,grass,,5,3,0
65,405,45,1059860,0.9,50,Juptileジュプトル,Grovyle,88.1,253,85,65,95,grass,,21.6,3,0
110,630,75,1059860,1.7,70,Jukainジュカイン,Sceptile,88.1,254,145,85,145,grass,,52.2,3,0
60,310,40,1059860,0.4,45,Achamoアチャモ,Torchic,88.1,255,70,50,45,fire,,2.5,3,0
85,405,60,1059860,0.9,60,Wakasyamoワカシャモ,Combusken,88.1,256,85,60,55,fire,fighting,19.5,3,0
160,630,80,1059860,1.9,80,Bursyamoバシャーモ,Blaziken,88.1,257,130,80,100,fire,fighting,52,3,0
70,310,50,1059860,0.4,50,Mizugorouミズゴロウ,Mudkip,88.1,258,50,50,40,water,,7.6,3,0
85,405,70,1059860,0.7,70,Numacrawヌマクロー,Marshtomp,88.1,259,60,70,50,water,ground,28,3,0
150,635,110,1059860,1.5,100,Laglargeラグラージ,Swampert,88.1,260,95,110,70,water,ground,81.9,3,0
55,220,35,1000000,0.5,35,Pochienaポチエナ,Poochyena,50,261,30,30,35,dark,,13.6,3,0
90,420,70,1000000,1,70,Graenaグラエナ,Mightyena,50,262,60,60,70,dark,,37,3,0
30,240,41,1000000,0.4,38,Jiguzagumaジグザグマ,Zigzagoon,50,263,30,41,60,normal,,17.5,3,0
70,420,61,1000000,0.5,78,Massugumaマッスグマ,Linoone,50,264,50,61,100,normal,,32.5,3,0
45,195,35,1000000,0.3,45,Kemussoケムッソ,Wurmple,50,265,20,30,20,bug,,3.6,3,0
35,205,55,1000000,0.6,50,Karasalisカラサリス,Silcoon,50,266,25,25,15,bug,,10,3,0
70,395,50,1000000,1,60,Agehuntアゲハント,Beautifly,50,267,100,50,65,bug,flying,28.4,3,0
35,205,55,1000000,0.7,50,Mayuldマユルド,Cascoon,50,268,25,25,15,bug,,11.5,3,0
50,385,70,1000000,1.2,60,Dokucaleドクケイル,Dustox,50,269,50,90,65,bug,poison,31.6,3,0
30,220,30,1059860,0.5,40,Hassbohハスボー,Lotad,50,270,40,50,30,water,grass,2.6,3,0
50,340,50,1059860,1.2,60,Hasubreroハスブレロ,Lombre,50,271,60,70,50,water,grass,32.5,3,0
70,480,70,1059860,1.5,80,Runpappaルンパッパ,Ludicolo,50,272,90,100,70,water,grass,55,3,0
40,220,50,1059860,0.5,40,Tanebohタネボー,Seedot,50,273,30,30,30,grass,,4,3,0
70,340,40,1059860,1,70,Konohanaコノハナ,Nuzleaf,50,274,60,40,60,grass,dark,28,3,0
100,480,60,1059860,1.3,90,Dirtengダーテング,Shiftry,50,275,90,60,80,grass,dark,59.6,3,0
55,270,30,1059860,0.3,40,Subameスバメ,Taillow,50,276,30,30,85,normal,flying,2.3,3,0
85,455,60,1059860,0.7,60,Ohsubameオオスバメ,Swellow,50,277,75,50,125,normal,flying,19.8,3,0
30,270,30,1000000,0.6,40,Camomeキャモメ,Wingull,50,278,55,30,85,water,flying,9.5,3,0
50,440,100,1000000,1.2,60,Pelipperペリッパー,Pelipper,50,279,95,70,65,water,flying,28,3,0
25,198,25,1250000,0.4,28,Raltsラルトス,Ralts,50,280,45,35,40,psychic,fairy,6.6,3,0
35,278,35,1250000,0.8,38,Kirliaキルリア,Kirlia,50,281,65,55,50,psychic,fairy,20.2,3,0
85,618,65,1250000,1.6,68,Sirnightサーナイト,Gardevoir,50,282,165,135,100,psychic,fairy,48.4,3,0
30,269,32,1000000,0.5,40,Ametamaアメタマ,Surskit,50,283,50,52,65,bug,water,1.7,3,0
60,454,62,1000000,0.8,70,Amemothアメモース,Masquerain,50,284,100,82,80,bug,flying,3.6,3,0
40,295,60,1640000,0.4,60,Kinococoキノココ,Shroomish,50,285,40,60,35,grass,,4.5,3,0
130,460,80,1640000,1.2,60,Kinogassaキノガッサ,Breloom,50,286,60,60,70,grass,fighting,39.2,3,0
60,280,60,1250000,0.8,60,Namakeroナマケロ,Slakoth,50,287,35,35,30,normal,,24,3,0
80,440,80,1250000,1.4,80,Yarukimonoヤルキモノ,Vigoroth,50,288,55,55,90,normal,,46.5,3,0
160,670,100,1250000,2,150,Kekkingケッキング,Slaking,50,289,95,65,100,normal,,130.5,3,0
45,266,90,600000,0.5,31,Tutininツチニン,Nincada,50,290,30,30,40,bug,ground,5.5,3,0
90,456,45,600000,0.8,61,Tekkaninテッカニン,Ninjask,50,291,50,50,160,bug,flying,12,3,0
90,236,45,600000,0.8,1,Nukeninヌケニン,Shedinja,,292,30,30,40,bug,ghost,1.2,3,0
51,240,23,1059860,0.6,64,Gonyonyoゴニョニョ,Whismur,50,293,51,23,28,normal,,16.3,3,0
71,360,43,1059860,1,84,Dogohmbドゴーム,Loudred,50,294,71,43,48,normal,,40.5,3,0
91,490,63,1059860,1.5,104,Bakuongバクオング,Exploud,50,295,91,73,68,normal,,84,3,0
60,237,30,1640000,1,72,Makunoshitaマクノシタ,Makuhita,75.4,296,20,30,25,fighting,,86.4,3,0
120,474,60,1640000,2.3,144,Hariteyamaハリテヤマ,Hariyama,75.4,297,40,60,50,fighting,,253.8,3,0
20,190,40,800000,0.2,50,Ruririルリリ,Azurill,24.6,298,20,40,20,normal,fairy,2,3,0
45,375,135,1000000,1,30,Nosepassノズパス,Nosepass,50,299,45,90,30,rock,,97,3,0
45,260,45,800000,0.6,50,Enecoエネコ,Skitty,24.6,300,35,35,50,normal,,11,3,0
65,400,65,800000,1.1,70,Enekororoエネコロロ,Delcatty,24.6,301,55,55,90,normal,,32.6,3,0
85,480,125,1059860,0.5,50,Yamiramiヤミラミ,Sableye,50,302,85,115,20,dark,ghost,11,3,0
105,480,125,800000,0.6,50,Kucheatクチート,Mawile,50,303,55,95,50,steel,fairy,11.5,3,0
70,330,100,1250000,0.4,50,Cokodoraココドラ,Aron,50,304,40,40,30,steel,rock,60,3,0
90,430,140,1250000,0.9,60,Kodoraコドラ,Lairon,50,305,50,50,40,steel,rock,120,3,0
140,630,230,1250000,2.1,70,Bossgodoraボスゴドラ,Aggron,50,306,60,80,50,steel,rock,360,3,0
40,280,55,1000000,0.6,30,Asananアサナン,Meditite,50,307,40,55,60,fighting,psychic,11.2,3,0
100,510,85,1000000,1.3,60,Charemチャーレム,Medicham,50,308,80,85,100,fighting,psychic,31.5,3,0
45,295,40,1250000,0.6,40,Rakuraiラクライ,Electrike,50,309,65,40,65,electric,,15.2,3,0
75,575,80,1250000,1.5,70,Livoltライボルト,Manectric,50,310,135,80,135,electric,,40.2,3,0
50,405,40,1000000,0.4,60,Prasleプラスル,Plusle,50,311,85,75,95,electric,,4.2,3,0
40,405,50,1000000,0.4,60,Minunマイナン,Minun,50,312,75,85,95,electric,,4.2,3,0
73,430,75,600000,0.7,65,Barubeatバルビート,Volbeat,100,313,47,85,85,bug,,17.7,3,0
47,430,75,1640000,0.6,65,Illumiseイルミーゼ,Illumise,0,314,73,85,85,bug,,17.7,3,0
60,400,45,1059860,0.3,50,Roseliaロゼリア,Roselia,50,315,100,80,65,grass,poison,2,3,0
43,302,53,1640000,0.4,70,Gokulinゴクリン,Gulpin,50,316,43,53,40,poison,,10.3,3,0
73,467,83,1640000,1.7,100,Marunoomマルノーム,Swalot,50,317,73,83,55,poison,,80,3,0
90,305,20,1250000,0.8,45,Kibanhaキバニア,Carvanha,50,318,65,20,65,water,dark,20.8,3,0
140,560,70,1250000,1.8,70,Samehaderサメハダー,Sharpedo,50,319,110,65,105,water,dark,88.8,3,0
70,400,35,1640000,2,130,Hoerukoホエルコ,Wailmer,50,320,70,35,60,water,,130,3,0
90,500,45,1640000,14.5,170,Whalohホエルオー,Wailord,50,321,90,45,60,water,,398,3,0
60,305,40,1000000,0.7,60,Donmelドンメル,Numel,50,322,65,45,35,fire,ground,24,3,0
120,560,100,1000000,1.9,70,Bakuudaバクーダ,Camerupt,50,323,145,105,20,fire,ground,220,3,0
85,470,140,1000000,0.5,70,Cotoiseコータス,Torkoal,50,324,85,70,20,fire,,80.4,3,0
25,330,35,800000,0.7,60,Banebooバネブー,Spoink,50,325,70,80,60,psychic,,30.6,3,0
45,470,65,800000,0.9,80,Boopigブーピッグ,Grumpig,50,326,90,110,80,psychic,,71.5,3,0
60,360,60,800000,1.1,60,Patcheelパッチール,Spinda,50,327,60,60,60,normal,,5,3,0
100,290,45,1059860,0.7,45,Nuckrarナックラー,Trapinch,50,328,45,45,10,ground,,15,3,0
70,340,50,1059860,1.1,50,Vibravaビブラーバ,Vibrava,50,329,50,50,70,ground,dragon,15.3,3,0
100,520,80,1059860,2,80,Flygonフライゴン,Flygon,50,330,80,80,100,ground,dragon,82,3,0
85,335,40,1059860,0.4,50,Saboneaサボネア,Cacnea,50,331,85,40,35,grass,,51.3,3,0
115,475,60,1059860,1.3,70,Noctusノクタス,Cacturne,50,332,115,60,55,grass,dark,77.4,3,0
40,310,60,600000,0.4,45,Tylttoチルット,Swablu,50,333,40,75,50,normal,flying,1.2,3,0
110,590,110,600000,1.1,75,Tyltalisチルタリス,Altaria,50,334,110,105,80,dragon,flying,20.6,3,0
115,458,60,600000,1.3,73,Zangooseザングース,Zangoose,50,335,60,60,90,normal,,40.3,3,0
100,458,60,1640000,2.7,73,Habunakeハブネーク,Seviper,50,336,100,60,65,poison,,52.5,3,0
55,460,65,800000,1,90,Lunatoneルナトーン,Lunatone,,337,95,85,70,rock,psychic,168,3,0
95,460,85,800000,1.2,90,Solrockソルロック,Solrock,,338,55,65,70,rock,psychic,154,3,0
48,288,43,1000000,0.4,50,Dojoachドジョッチ,Barboach,50,339,46,41,60,water,ground,1.9,3,0
78,468,73,1000000,0.9,110,Namazunナマズン,Whiscash,50,340,76,71,60,water,ground,23.6,3,0
80,308,65,1640000,0.6,43,Heiganiヘイガニ,Corphish,50,341,50,35,35,water,,11.5,3,0
120,468,85,1640000,1.1,63,Shizarigerシザリガー,Crawdaunt,50,342,90,55,55,water,dark,32.8,3,0
40,300,55,1000000,0.5,40,Yajilonヤジロン,Baltoy,,343,40,70,55,ground,psychic,21.5,3,0
70,500,105,1000000,1.5,60,Nendollネンドール,Claydol,,344,70,120,75,ground,psychic,108,3,0
41,355,77,600000,1,66,Lilylaリリーラ,Lileep,88.1,345,61,87,23,rock,grass,23.8,3,0
81,495,97,600000,1.5,86,Yuradleユレイドル,Cradily,88.1,346,81,107,43,rock,grass,60.4,3,0
95,355,50,600000,0.7,45,Anopthアノプス,Anorith,88.1,347,40,50,75,rock,bug,12.5,3,0
125,495,100,600000,1.5,75,Armaldoアーマルド,Armaldo,88.1,348,70,80,45,rock,bug,68.2,3,0
15,200,20,600000,0.6,20,Hinbassヒンバス,Feebas,50,349,10,55,80,water,,7.4,3,0
60,540,79,600000,6.2,95,Milokarossミロカロス,Milotic,50,350,100,125,81,water,,162,3,0
70,420,70,1000000,0.3,70,Powalenポワルン,Castform,50,351,70,70,70,normal,,0.8,3,0
90,440,70,1059860,1,60,Kakureonカクレオン,Kecleon,50,352,60,120,40,normal,,22,3,0
75,295,35,800000,0.6,44,Kagebouzuカゲボウズ,Shuppet,50,353,63,33,45,ghost,,2.3,3,0
165,555,75,800000,1.1,64,Juppetaジュペッタ,Banette,50,354,93,83,75,ghost,,12.5,3,0
40,295,90,800000,0.8,20,Yomawaruヨマワル,Duskull,50,355,30,90,25,ghost,,15,3,0
70,455,130,800000,1.6,40,Samayouruサマヨール,Dusclops,50,356,60,130,25,ghost,,30.6,3,0
68,460,83,1250000,2,99,Tropiusトロピウス,Tropius,50,357,72,87,51,grass,flying,100,3,0
50,455,80,800000,0.6,75,Chireanチリーン,Chimecho,50,358,95,90,65,psychic,,1,3,0
150,565,60,1059860,1.2,65,Absolアブソル,Absol,50,359,115,60,115,dark,,47,3,0
23,260,48,1000000,0.6,95,Sohnanoソーナノ,Wynaut,50,360,23,48,23,psychic,,14,3,0
50,300,50,1000000,0.7,50,Yukiwarashiユキワラシ,Snorunt,50,361,50,50,50,ice,,16.8,3,0
120,580,80,1000000,1.5,80,Onigohriオニゴーリ,Glalie,50,362,120,80,100,ice,,256.5,3,0
40,290,50,1059860,0.8,70,Tamazarashiタマザラシ,Spheal,50,363,55,50,25,ice,water,39.5,3,0
60,410,70,1059860,1.1,90,Todogglerトドグラー,Sealeo,50,364,75,70,45,ice,water,87.6,3,0
80,530,90,1059860,1.4,110,Todoserugaトドゼルガ,Walrein,50,365,95,90,65,ice,water,150.6,3,0
64,345,85,600000,0.4,35,Pearluluパールル,Clamperl,50,366,74,55,32,water,,52.5,3,0
104,485,105,600000,1.7,55,Huntailハンテール,Huntail,50,367,94,75,52,water,,27,3,0
84,485,105,600000,1.8,55,Sakurabyssサクラビス,Gorebyss,50,368,114,75,52,water,,22.6,3,0
90,485,130,1250000,1,100,Glanthジーランス,Relicanth,88.1,369,45,65,55,water,rock,23.4,3,0
30,330,55,800000,0.6,43,Lovecusラブカス,Luvdisc,24.6,370,40,65,97,water,,8.7,3,0
75,300,60,1250000,0.6,45,Tatsubayタツベイ,Bagon,50,371,40,30,50,dragon,,42.1,3,0
95,420,100,1250000,1.1,65,Komoruuコモルー,Shelgon,50,372,60,50,50,dragon,,110.5,3,0
145,700,130,1250000,1.5,95,Bohmanderボーマンダ,Salamence,50,373,120,90,120,dragon,flying,102.6,3,0
55,300,80,1250000,0.6,40,Dumbberダンバル,Beldum,,374,35,60,30,steel,psychic,95.2,3,0
75,420,100,1250000,1.2,60,Metangメタング,Metang,,375,55,80,50,steel,psychic,202.5,3,0
145,700,150,1250000,1.6,80,Metagrossメタグロス,Metagross,,376,105,110,110,steel,psychic,550,3,0
100,580,200,1250000,1.7,80,Regirockレジロック,Regirock,,377,50,100,50,rock,,230,3,1
50,580,100,1250000,1.8,80,Regiceレジアイス,Regice,,378,100,200,50,ice,,175,3,1
75,580,150,1250000,1.9,80,Registeelレジスチル,Registeel,,379,75,150,50,steel,,205,3,1
100,700,120,1250000,1.4,80,Latiasラティアス,Latias,0,380,140,150,110,dragon,psychic,40,3,1
130,700,100,1250000,2,80,Latiosラティオス,Latios,100,381,160,120,110,dragon,psychic,60,3,1
150,770,90,1250000,4.5,100,Kyogreカイオーガ,Kyogre,,382,180,160,90,water,,352,3,1
180,770,160,1250000,3.5,100,Groudonグラードン,Groudon,,383,150,90,90,ground,,950,3,1
180,780,100,1250000,7,105,Rayquazaレックウザ,Rayquaza,,384,180,100,115,dragon,flying,206.5,3,1
100,600,100,1250000,0.3,100,Jirachiジラーチ,Jirachi,,385,100,100,100,steel,psychic,1.1,3,1
95,600,90,1250000,1.7,50,Deoxysデオキシス,Deoxys,,386,95,90,180,psychic,,60.8,3,1
68,318,64,1059860,0.4,55,Naetleナエトル,Turtwig,88.1,387,45,55,31,grass,,10.2,4,0
89,405,85,1059860,1.1,75,Hayashigameハヤシガメ,Grotle,88.1,388,55,65,36,grass,,97,4,0
109,525,105,1059860,2.2,95,Dodaitoseドダイトス,Torterra,88.1,389,75,85,56,grass,ground,310,4,0
58,309,44,1059860,0.5,44,Hikozaruヒコザル,Chimchar,88.1,390,58,44,61,fire,,6.2,4,0
78,405,52,1059860,0.9,64,Moukazaruモウカザル,Monferno,88.1,391,78,52,81,fire,fighting,22,4,0
104,534,71,1059860,1.2,76,Goukazaruゴウカザル,Infernape,88.1,392,104,71,108,fire,fighting,55,4,0
51,314,53,1059860,0.4,53,Pochamaポッチャマ,Piplup,88.1,393,61,56,40,water,,5.2,4,0
66,405,68,1059860,0.8,64,Pottaishiポッタイシ,Prinplup,88.1,394,81,76,50,water,,23,4,0
86,530,88,1059860,1.7,84,Emperteエンペルト,Empoleon,88.1,395,111,101,60,water,steel,84.5,4,0
55,245,30,1059860,0.3,40,Mukkuruムックル,Starly,50,396,30,30,60,normal,flying,2,4,0
75,340,50,1059860,0.6,55,Mukubirdムクバード,Staravia,50,397,40,40,80,normal,flying,15.5,4,0
120,485,70,1059860,1.2,85,Mukuhawkムクホーク,Staraptor,50,398,50,60,100,normal,flying,24.9,4,0
45,250,40,1000000,0.5,59,Bippaビッパ,Bidoof,50,399,35,40,31,normal,,20,4,0
85,410,60,1000000,1,79,Beadaruビーダル,Bibarel,50,400,55,60,71,normal,water,31.5,4,0
25,194,41,1059860,0.3,37,Korobohshiコロボーシ,Kricketot,50,401,25,41,25,bug,,2.2,4,0
85,384,51,1059860,1,77,Korotockコロトック,Kricketune,50,402,55,51,65,bug,,25.5,4,0
65,263,34,1059860,0.5,45,Kolinkコリンク,Shinx,50,403,40,34,45,electric,,9.5,4,0
85,363,49,1059860,0.9,60,Luxioルクシオ,Luxio,50,404,60,49,60,electric,,30.5,4,0
120,523,79,1059860,1.4,80,Rentorarレントラー,Luxray,50,405,95,79,70,electric,,42,4,0
30,280,35,1059860,0.2,40,Subomieスボミー,Budew,50,406,50,70,55,grass,poison,1.2,4,0
70,515,65,1059860,0.9,60,Roseradeロズレイド,Roserade,50,407,125,105,90,grass,poison,14.5,4,0
125,350,40,600000,0.9,67,Zugaidosズガイドス,Cranidos,88.1,408,30,30,58,rock,,31.5,4,0
165,495,60,600000,1.6,97,Rampaldラムパルド,Rampardos,88.1,409,65,50,58,rock,,102.5,4,0
42,350,118,600000,0.5,30,Tatetopsタテトプス,Shieldon,88.1,410,42,88,30,rock,steel,57,4,0
52,495,168,600000,1.3,60,Toridepsトリデプス,Bastiodon,88.1,411,47,138,30,rock,steel,149.5,4,0
29,224,45,1000000,0.2,40,Minomucchiミノムッチ,Burmy,50,412,29,45,36,bug,,3.4,4,0
69,424,95,1000000,0.5,60,Minomadam (kusaki No Mino)ミノマダム,Wormadam,0,413,69,95,36,bug,grass,6.5,4,0
94,424,50,1000000,0.9,70,Gamaleガーメイル,Mothim,100,414,94,50,66,bug,flying,23.3,4,0
30,244,42,1059860,0.3,30,Mitsuhoneyミツハニー,Combee,88.1,415,30,42,70,bug,flying,5.5,4,0
80,474,102,1059860,1.2,70,Beequenビークイン,Vespiquen,0,416,80,102,40,bug,flying,38.5,4,0
45,405,70,1000000,0.4,60,Pachirisuパチリス,Pachirisu,50,417,45,90,95,electric,,3.9,4,0
65,330,35,1000000,0.7,55,Buoyselブイゼル,Buizel,50,418,60,30,85,water,,29.5,4,0
105,495,55,1000000,1.1,85,Floazelフローゼル,Floatzel,50,419,85,50,115,water,,33.5,4,0
35,275,45,1000000,0.4,45,Cherinboチェリンボ,Cherubi,50,420,62,53,35,grass,,3.3,4,0
60,450,70,1000000,0.5,70,Cherrimチェリム,Cherrim,50,421,87,78,85,grass,,9.3,4,0
48,325,48,1000000,0.3,76,Karanakushiカラナクシ,Shellos,50,422,57,62,34,water,,6.3,4,0
83,475,68,1000000,0.9,111,Tritodonトリトドン,Gastrodon,50,423,92,82,39,water,ground,29.9,4,0
100,482,66,800000,1.2,75,Etebothエテボース,Ambipom,50,424,60,66,115,normal,,20.3,4,0
50,348,34,1640000,0.4,90,Fuwanteフワンテ,Drifloon,50,425,60,44,70,ghost,flying,1.2,4,0
80,498,44,1640000,1.2,150,Fuwarideフワライド,Drifblim,50,426,90,54,80,ghost,flying,15,4,0
66,350,44,1000000,0.4,55,Mimirolミミロル,Buneary,50,427,44,56,85,normal,,5.5,4,0
136,580,94,1000000,1.2,65,Mimilopミミロップ,Lopunny,50,428,54,96,135,normal,,33.3,4,0
60,495,60,800000,0.9,60,Mumargiムウマージ,Mismagius,50,429,105,105,105,ghost,,4.4,4,0
125,505,52,1059860,0.9,100,Dongkarasuドンカラス,Honchkrow,50,430,105,52,71,dark,flying,27.3,4,0
55,310,42,800000,0.5,49,Nyarmarニャルマー,Glameow,24.6,431,42,37,85,normal,,3.9,4,0
82,452,64,800000,1,71,Bunyattoブニャット,Purugly,24.6,432,64,59,112,normal,,43.8,4,0
30,285,50,800000,0.2,45,Lisyanリーシャン,Chingling,50,433,65,50,45,psychic,,0.6,4,0
63,329,47,1000000,0.4,63,Skunpuuスカンプー,Stunky,50,434,41,41,74,poison,dark,19.2,4,0
93,479,67,1000000,1,103,Skutankスカタンク,Skuntank,50,435,71,61,84,poison,dark,38,4,0
24,300,86,1000000,0.5,57,Dohmirrorドーミラー,Bronzor,,436,24,86,23,steel,psychic,60.5,4,0
89,500,116,1000000,1.3,67,Dohtakunドータクン,Bronzong,,437,79,116,33,steel,psychic,187,4,0
80,290,95,1000000,0.5,50,Usohachiウソハチ,Bonsly,50,438,10,45,10,rock,,15,4,0
25,310,45,1000000,0.6,20,Maneneマネネ,Mime Jr.,50,439,70,90,60,psychic,fairy,13,4,0
5,220,5,800000,0.6,100,Pinpukuピンプク,Happiny,0,440,15,65,30,normal,,24.4,4,0
65,411,45,1059860,0.5,76,Perapペラップ,Chatot,50,441,92,42,91,normal,flying,1.9,4,0
92,485,108,1000000,1,50,Mikarugeミカルゲ,Spiritomb,50,442,92,108,35,ghost,dark,108,4,0
70,300,45,1250000,0.7,58,Fukamaruフカマル,Gible,50,443,40,45,42,dragon,ground,20.5,4,0
90,410,65,1250000,1.4,68,Gabiteガバイト,Gabite,50,444,50,55,82,dragon,ground,56,4,0
170,700,115,1250000,1.9,108,Gaburiasガブリアス,Garchomp,50,445,120,95,92,dragon,ground,95,4,0
85,390,40,1250000,0.6,135,Gonbeゴンベ,Munchlax,88.1,446,40,85,5,normal,,105,4,0
70,285,40,1059860,0.7,40,Rioluリオル,Riolu,88.1,447,35,40,60,fighting,,20.2,4,0
145,625,88,1059860,1.2,70,Lucarioルカリオ,Lucario,88.1,448,140,70,112,fighting,steel,54,4,0
72,330,78,1250000,0.8,68,Hippopotasヒポポタス,Hippopotas,50,449,38,42,32,ground,,49.5,4,0
112,525,118,1250000,2,108,Kabaldonカバルドン,Hippowdon,50,450,68,72,47,ground,,300,4,0
50,330,90,1250000,0.8,40,Scorupiスコルピ,Skorupi,50,451,30,55,65,poison,bug,12,4,0
90,500,110,1250000,1.3,70,Dorapionドラピオン,Drapion,50,452,60,75,95,poison,dark,61.5,4,0
61,300,40,1000000,0.7,48,Gureggruグレッグル,Croagunk,50,453,61,40,50,poison,fighting,23,4,0
106,490,65,1000000,1.3,83,Dokurogドクロッグ,Toxicroak,50,454,86,65,85,poison,fighting,44.4,4,0
100,454,72,1250000,1.4,74,Muskippaマスキッパ,Carnivine,50,455,90,72,46,grass,,27,4,0
49,330,56,600000,0.4,49,Keikouoケイコウオ,Finneon,50,456,49,61,66,water,,7,4,0
69,460,76,600000,1.2,69,Neolantネオラント,Lumineon,50,457,69,86,91,water,,24,4,0
20,345,50,1250000,1,45,Tamantaタマンタ,Mantyke,50,458,60,120,50,water,flying,65,4,0
62,334,50,1250000,1,60,Yukikaburiユキカブリ,Snover,50,459,62,60,40,grass,ice,50.5,4,0
132,594,105,1250000,2.2,90,Yukinoohユキノオー,Abomasnow,50,460,132,105,30,grass,ice,135.5,4,0
120,510,65,1059860,1.1,70,Manyulaマニューラ,Weavile,50,461,45,85,125,dark,ice,34,4,0
70,535,115,1000000,1.2,70,Jibacoilジバコイル,Magnezone,,462,130,90,60,electric,steel,180,4,0
85,515,95,1000000,1.7,110,Berobeltベロベルト,Lickilicky,50,463,80,95,50,normal,,140,4,0
140,535,130,1250000,2.4,115,Dosidonドサイドン,Rhyperior,50,464,55,55,40,ground,rock,282.8,4,0
100,535,125,1000000,2,100,Mojumboモジャンボ,Tangrowth,50,465,110,50,50,grass,,128.6,4,0
123,540,67,1000000,1.8,75,Elekibleエレキブル,Electivire,75.4,466,95,85,95,electric,,138.6,4,0
95,540,67,1000000,1.6,75,Booburnブーバーン,Magmortar,75.4,467,125,95,83,fire,,68,4,0
50,545,95,800000,1.5,85,Togekissトゲキッス,Togekiss,88.1,468,120,115,80,fairy,flying,38,4,0
76,515,86,1000000,1.9,86,Megayanmaメガヤンマ,Yanmega,50,469,116,56,95,bug,flying,51.5,4,0
110,525,130,1000000,1,65,Leafiaリーフィア,Leafeon,88.1,470,60,65,95,grass,,25.5,4,0
60,525,110,1000000,0.8,65,Glaciaグレイシア,Glaceon,88.1,471,130,95,65,ice,,25.9,4,0
95,510,125,1059860,2,75,Glionグライオン,Gliscor,50,472,45,75,95,ground,flying,42.5,4,0
130,530,80,1250000,2.5,110,Mammooマンムー,Mamoswine,50,473,70,60,80,ice,ground,291,4,0
80,535,70,1000000,0.9,85,Porygon-zポリゴンＺ,Porygon-Z,,474,135,75,90,normal,,34,4,0
165,618,95,1250000,1.6,68,Erureidoエルレイド,Gallade,100,475,65,115,110,psychic,fighting,52,4,0
55,525,145,1000000,1.4,60,Dainoseダイノーズ,Probopass,50,476,75,150,40,rock,steel,340,4,0
100,525,135,800000,2.2,45,Yonoirヨノワール,Dusknoir,50,477,65,135,45,ghost,,106.6,4,0
80,480,70,1000000,1.3,70,Yukimenokoユキメノコ,Froslass,0,478,80,70,110,ice,ghost,26.6,4,0
65,520,107,1000000,0.3,50,Rotomロトム,Rotom,,479,105,107,86,electric,ghost,0.3,4,0
75,580,130,1250000,0.3,75,Yuxieユクシー,Uxie,,480,75,130,95,psychic,,0.3,4,1
105,580,105,1250000,0.3,80,Emritエムリット,Mesprit,,481,105,105,80,psychic,,0.3,4,1
125,580,70,1250000,0.3,75,Agnomeアグノム,Azelf,,482,125,70,115,psychic,,0.3,4,1
120,680,120,1250000,5.4,100,Dialgaディアルガ,Dialga,,483,150,100,90,steel,dragon,683,4,1
120,680,100,1250000,4.2,90,Palkiaパルキア,Palkia,,484,150,120,100,water,dragon,336,4,1
90,600,106,1250000,1.7,91,Heatranヒードラン,Heatran,50,485,130,106,77,fire,steel,430,4,1
160,670,110,1250000,3.7,110,Regigigasレジギガス,Regigigas,,486,80,110,100,normal,,420,4,1
120,680,100,1250000,4.5,150,Giratina (another Forme)ギラティナ,Giratina,,487,120,100,90,ghost,dragon,750,4,1
70,600,120,1250000,1.5,120,Cresseliaクレセリア,Cresselia,0,488,75,130,85,psychic,,85.6,4,1
80,480,80,1250000,0.4,80,Phioneフィオネ,Phione,,489,80,80,80,water,,3.1,4,0
100,600,100,1250000,0.3,100,Manaphyマナフィ,Manaphy,,490,100,100,100,water,,1.4,4,1
90,600,90,1250000,1.5,70,Darkraiダークライ,Darkrai,,491,135,90,125,dark,,50.5,4,1
103,600,75,1059860,0.2,100,Shaymin (sky Forme)シェイミ,Shaymin,,492,120,75,127,grass,grass,2.1,4,1
120,720,120,1250000,3.2,120,Arceusアルセウス,Arceus,,493,120,120,120,normal,,320,4,1
100,600,100,1250000,0.4,100,Victiniビクティニ,Victini,,494,100,100,100,psychic,fire,4,5,1
45,308,55,1059860,0.6,45,Tsutarjaツタージャ,Snivy,88.1,495,45,55,63,grass,,8.1,5,0
60,413,75,1059860,0.8,60,Janovyジャノビー,Servine,88.1,496,60,75,83,grass,,16,5,0
75,528,95,1059860,3.3,75,Jalordaジャローダ,Serperior,88.1,497,75,95,113,grass,,63,5,0
63,308,45,1059860,0.5,65,Pokabuポカブ,Tepig,88.1,498,45,45,45,fire,,9.9,5,0
93,418,55,1059860,1,90,Chaobooチャオブー,Pignite,88.1,499,70,55,55,fire,fighting,55.5,5,0
123,528,65,1059860,1.6,110,Enbuohエンブオー,Emboar,88.1,500,100,65,65,fire,fighting,150,5,0
55,308,45,1059860,0.5,55,Mijumaruミジュマル,Oshawott,88.1,501,63,45,45,water,,5.9,5,0
75,413,60,1059860,0.8,75,Futachimaruフタチマル,Dewott,88.1,502,83,60,60,water,,24.5,5,0
100,528,85,1059860,1.5,95,Daikenkiダイケンキ,Samurott,88.1,503,108,70,70,water,,94.6,5,0
55,255,39,1000000,0.5,45,Minezumiミネズミ,Patrat,50,504,35,39,42,normal,,11.6,5,0
85,420,69,1000000,1.1,60,Miruhogミルホッグ,Watchog,50,505,60,69,77,normal,,27,5,0
60,275,45,1059860,0.4,45,Yorterrieヨーテリー,Lillipup,50,506,25,45,55,normal,,4.1,5,0
80,370,65,1059860,0.9,65,Herderrieハーデリア,Herdier,50,507,35,65,60,normal,,14.7,5,0
110,500,90,1059860,1.2,85,Moolandムーランド,Stoutland,50,508,45,90,80,normal,,61,5,0
50,281,37,1000000,0.4,41,Choronekoチョロネコ,Purrloin,50,509,50,37,66,dark,,10.1,5,0
88,446,50,1000000,1.1,64,Lepardasレパルダス,Liepard,50,510,88,50,106,dark,,37.5,5,0
53,316,48,1000000,0.6,50,Yanappuヤナップ,Pansage,88.1,511,53,48,64,grass,,10.5,5,0
98,498,63,1000000,1.1,75,Yanakkieヤナッキー,Simisage,88.1,512,98,63,101,grass,,30.5,5,0
53,316,48,1000000,0.6,50,Baoppuバオップ,Pansear,88.1,513,53,48,64,fire,,11,5,0
98,498,63,1000000,1,75,Baokkieバオッキー,Simisear,88.1,514,98,63,101,fire,,28,5,0
53,316,48,1000000,0.6,50,Hiyappuヒヤップ,Panpour,88.1,515,53,48,64,water,,13.5,5,0
98,498,63,1000000,1,75,Hiyakkieヒヤッキー,Simipour,88.1,516,98,63,101,water,,29,5,0
25,292,45,800000,0.6,76,Munnaムンナ,Munna,50,517,67,55,24,psychic,,23.3,5,0
55,487,85,800000,1.1,116,Musharnaムシャーナ,Musharna,50,518,107,95,29,psychic,,60.5,5,0
55,264,50,1059860,0.3,50,Mamepatoマメパト,Pidove,50,519,36,30,43,normal,flying,2.1,5,0
77,358,62,1059860,0.6,62,Hatobohハトーボー,Tranquill,50,520,50,42,65,normal,flying,15,5,0
115,488,80,1059860,1.2,80,Kenhallowケンホロウ,Unfezant,50,521,65,55,93,normal,flying,29,5,0
60,295,32,1000000,0.8,45,Shimamaシママ,Blitzle,50,522,50,32,76,electric,,29.8,5,0
100,497,63,1000000,1.6,75,Zebraikaゼブライカ,Zebstrika,50,523,80,63,116,electric,,79.5,5,0
75,280,85,1059860,0.4,55,Dangoroダンゴロ,Roggenrola,50,524,25,25,15,rock,,18,5,0
105,390,105,1059860,0.9,70,Gantleガントル,Boldore,50,525,50,40,20,rock,,102,5,0
135,515,130,1059860,1.7,85,Gigaiathギガイアス,Gigalith,50,526,60,80,25,rock,,260,5,0
45,323,43,1000000,0.4,65,Koromoriコロモリ,Woobat,50,527,55,43,72,psychic,flying,2.1,5,0
57,425,55,1000000,0.9,67,Kokoromoriココロモリ,Swoobat,50,528,77,55,114,psychic,flying,10.5,5,0
85,328,40,1000000,0.3,60,Mogurewモグリュー,Drilbur,50,529,30,45,68,ground,,8.5,5,0
135,508,60,1000000,0.7,110,Doryuzuドリュウズ,Excadrill,50,530,50,65,88,ground,steel,40.4,5,0
60,545,126,800000,1.1,103,Tabunneタブンネ,Audino,50,531,80,126,50,normal,,31,5,0
80,305,55,1059860,0.6,75,Dokkorerドッコラー,Timburr,75.4,532,25,35,35,fighting,,12.5,5,0
105,405,85,1059860,1.2,85,Dotekkotsuドテッコツ,Gurdurr,75.4,533,40,50,40,fighting,,40,5,0
140,505,95,1059860,1.4,105,Roubushinローブシン,Conkeldurr,75.4,534,55,65,45,fighting,,87,5,0
50,294,40,1059860,0.5,50,Otamaroオタマロ,Tympole,50,535,50,40,64,water,,4.5,5,0
65,384,55,1059860,0.8,75,Gamagaruガマガル,Palpitoad,50,536,65,55,69,water,ground,17,5,0
95,509,75,1059860,1.5,105,Gamagerogeガマゲロゲ,Seismitoad,50,537,85,75,74,water,ground,62,5,0
100,465,85,1000000,1.3,120,Nagekiナゲキ,Throh,100,538,30,85,45,fighting,,55.5,5,0
125,465,75,1000000,1.4,75,Dagekiダゲキ,Sawk,100,539,30,75,85,fighting,,51,5,0
53,310,70,1059860,0.3,45,Kurumiruクルミル,Sewaddle,50,540,40,60,42,bug,grass,2.5,5,0
63,380,90,1059860,0.5,55,Kurumayuクルマユ,Swadloon,50,541,50,80,42,bug,grass,7.3,5,0
103,500,80,1059860,1.2,75,Hahakomoriハハコモリ,Leavanny,50,542,70,80,92,bug,grass,20.5,5,0
45,260,59,1059860,0.4,30,Fushideフシデ,Venipede,50,543,30,39,57,bug,poison,5.3,5,0
55,360,99,1059860,1.2,40,Wheegaホイーガ,Whirlipede,50,544,40,79,47,bug,poison,58.5,5,0
100,485,89,1059860,2.5,60,Pendrorペンドラー,Scolipede,50,545,55,69,112,bug,poison,200.5,5,0
27,280,60,1000000,0.3,40,Monmenモンメン,Cottonee,50,546,37,50,66,grass,fairy,0.6,5,0
67,480,85,1000000,0.7,60,Elfuunエルフーン,Whimsicott,50,547,77,75,116,grass,fairy,6.6,5,0
35,280,50,1000000,0.5,45,Churineチュリネ,Petilil,0,548,70,50,30,grass,,6.6,5,0
60,480,75,1000000,1.1,70,Dredearドレディア,Lilligant,0,549,110,75,90,grass,,16.3,5,0
92,460,65,1000000,1,70,Bassraoバスラオ,Basculin,50,550,80,55,98,water,,18,5,0
72,292,35,1059860,0.7,50,Megurocoメグロコ,Sandile,50,551,35,35,65,ground,dark,15.2,5,0
82,351,45,1059860,1,60,Waruvileワルビル,Krokorok,50,552,45,45,74,ground,dark,33.4,5,0
117,519,80,1059860,1.5,95,Waruvialワルビアル,Krookodile,50,553,65,70,92,ground,dark,96.3,5,0
90,315,45,1059860,0.6,70,Darumakkaダルマッカ,Darumaka,50,554,15,45,50,fire,,37.5,5,0
30,540,105,1059860,1.3,105,Hihidarumaヒヒダルマ,Darmanitan,50,555,140,105,55,fire,fire,92.9,5,0
86,461,67,1000000,1,75,Maracacchiマラカッチ,Maractus,50,556,106,67,60,grass,,28,5,0
65,325,85,1000000,0.3,50,Ishizumaiイシズマイ,Dwebble,50,557,35,35,55,bug,rock,14.5,5,0
105,485,125,1000000,1.4,70,Iwapalaceイワパレス,Crustle,50,558,65,75,45,bug,rock,200,5,0
75,348,70,1000000,0.6,50,Zurugguズルッグ,Scraggy,50,559,35,70,48,dark,fighting,11.8,5,0
90,488,115,1000000,1.1,65,Zuruzukinズルズキン,Scrafty,50,560,45,115,58,dark,fighting,30,5,0
58,490,80,1000000,1.4,72,Symbolerシンボラー,Sigilyph,50,561,103,80,97,psychic,flying,14,5,0
30,303,85,1000000,0.5,38,Desumasuデスマス,Yamask,50,562,55,65,30,ghost,,1.5,5,0
50,483,145,1000000,1.7,58,Desukarnデスカーン,Cofagrigus,50,563,95,105,30,ghost,,76.5,5,0
78,355,103,1000000,0.7,54,Protogaプロトーガ,Tirtouga,88.1,564,53,45,22,water,rock,16.5,5,0
108,495,133,1000000,1.2,74,Abagouraアバゴーラ,Carracosta,88.1,565,83,65,32,water,rock,81,5,0
112,401,45,1000000,0.5,55,Archenアーケン,Archen,88.1,566,74,45,70,rock,flying,9.5,5,0
140,567,65,1000000,1.4,75,Archeosアーケオス,Archeops,88.1,567,112,65,110,rock,flying,32,5,0
50,329,62,1000000,0.6,50,Yabukuronヤブクロン,Trubbish,50,568,40,62,65,poison,,31,5,0
95,474,82,1000000,1.9,80,Dustdasダストダス,Garbodor,50,569,60,82,75,poison,,107.3,5,0
65,330,40,1059860,0.7,40,Zoruaゾロア,Zorua,88.1,570,80,40,65,dark,,12.5,5,0
105,510,60,1059860,1.6,60,Zoroarkゾロアーク,Zoroark,88.1,571,120,60,105,dark,,81.1,5,0
50,300,40,800000,0.4,55,Chillarmyチラーミィ,Minccino,24.6,572,40,40,75,normal,,5.8,5,0
95,470,60,800000,0.5,75,Chillaccinoチラチーノ,Cinccino,24.6,573,65,60,115,normal,,7.5,5,0
30,290,50,1059860,0.4,45,Gothimuゴチム,Gothita,24.6,574,55,65,45,psychic,,5.8,5,0
45,390,70,1059860,0.7,60,Gothimiruゴチミル,Gothorita,24.6,575,75,85,55,psychic,,18,5,0
55,490,95,1059860,1.5,70,Gothiruselleゴチルゼル,Gothitelle,24.6,576,95,110,65,psychic,,44,5,0
30,290,40,1059860,0.3,45,Uniranユニラン,Solosis,50,577,105,50,20,psychic,,1,5,0
40,370,50,1059860,0.6,65,Doublanダブラン,Duosion,50,578,125,60,30,psychic,,8,5,0
65,490,75,1059860,1,110,Lanculusランクルス,Reuniclus,50,579,125,85,30,psychic,,20.1,5,0
44,305,50,1000000,0.5,62,Koaruhieコアルヒー,Ducklett,50,580,44,50,55,water,flying,5.5,5,0
87,473,63,1000000,1.3,75,Swannaスワンナ,Swanna,50,581,87,63,98,water,flying,24.2,5,0
50,305,50,1250000,0.4,36,Vanipetiバニプッチ,Vanillite,50,582,65,60,44,ice,,5.7,5,0
65,395,65,1250000,1.1,51,Vanirichバニリッチ,Vanillish,50,583,80,75,59,ice,,41,5,0
95,535,85,1250000,1.3,71,Baivanillaバイバニラ,Vanilluxe,50,584,110,95,79,ice,,57.5,5,0
60,335,50,1000000,0.6,60,Shikijikaシキジカ,Deerling,50,585,40,50,75,normal,grass,19.5,5,0
100,475,70,1000000,1.9,80,Mebukijikaメブキジカ,Sawsbuck,50,586,60,70,95,normal,grass,92.5,5,0
75,428,60,1000000,0.4,55,Emongaエモンガ,Emolga,50,587,75,60,103,electric,flying,5,5,0
75,315,45,1000000,0.5,50,Kaburumoカブルモ,Karrablast,50,588,40,45,60,bug,,5.9,5,0
135,495,105,1000000,1,70,Chevargoシュバルゴ,Escavalier,50,589,60,105,20,bug,steel,33,5,0
55,294,45,1000000,0.2,69,Tamagetakeタマゲタケ,Foongus,50,590,55,55,15,grass,poison,1,5,0
85,464,70,1000000,0.6,114,Morobareruモロバレル,Amoonguss,50,591,85,80,30,grass,poison,10.5,5,0
40,335,50,1000000,1.2,55,Pururillプルリル,Frillish,50,592,65,85,40,water,ghost,33,5,0
60,480,70,1000000,2.2,100,Burungelブルンゲル,Jellicent,50,593,85,105,60,water,ghost,135,5,0
75,470,80,800000,1.2,165,Mamanbouママンボウ,Alomomola,50,594,40,45,65,water,,31.6,5,0
47,319,50,1000000,0.1,50,Bachuruバチュル,Joltik,50,595,57,50,65,bug,electric,0.6,5,0
77,472,60,1000000,0.8,70,Dentulaデンチュラ,Galvantula,50,596,97,60,108,bug,electric,14.3,5,0
50,305,91,1000000,0.6,44,Tesseedテッシード,Ferroseed,50,597,24,86,10,grass,steel,18.8,5,0
94,489,131,1000000,1,74,Nutreyナットレイ,Ferrothorn,50,598,54,116,20,grass,steel,110,5,0
55,300,70,1059860,0.3,40,Giaruギアル,Klink,,599,45,60,30,steel,,21,5,0
80,440,95,1059860,0.6,60,Gigiaruギギアル,Klang,,600,70,85,50,steel,,51,5,0
100,520,115,1059860,0.6,60,Gigigiaruギギギアル,Klinklang,,601,70,85,90,steel,,81,5,0
55,275,40,1250000,0.2,35,Shibishirasuシビシラス,Tynamo,50,602,45,40,60,electric,,0.3,5,0
85,405,70,1250000,1.2,65,Shibibeelシビビール,Eelektrik,50,603,75,70,40,electric,,22,5,0
115,515,80,1250000,2.1,85,Shibirudonシビルドン,Eelektross,50,604,105,80,50,electric,,80.5,5,0
55,335,55,1000000,0.5,55,Ligrayリグレー,Elgyem,50,605,85,55,30,psychic,,9,5,0
75,485,75,1000000,1,75,Ohbemオーベム,Beheeyem,50,606,125,95,40,psychic,,34.5,5,0
30,275,55,1059860,0.3,50,Hitomoshiヒトモシ,Litwick,50,607,65,55,20,ghost,fire,3.1,5,0
40,370,60,1059860,0.6,60,Lamplerランプラー,Lampent,50,608,95,60,55,ghost,fire,13,5,0
55,520,90,1059860,1,60,Chandelaシャンデラ,Chandelure,50,609,145,90,80,ghost,fire,34.3,5,0
87,320,60,1250000,0.6,46,Kibagoキバゴ,Axew,50,610,30,40,57,dragon,,18,5,0
117,410,70,1250000,1,66,Onondoオノンド,Fraxure,50,611,40,50,67,dragon,,36,5,0
147,540,90,1250000,1.8,76,Ononokusオノノクス,Haxorus,50,612,60,70,97,dragon,,105.5,5,0
70,305,40,1000000,0.5,55,Kumasyunクマシュン,Cubchoo,50,613,60,40,40,ice,,8.5,5,0
130,505,80,1000000,2.6,95,Tunbearツンベアー,Beartic,50,614,70,80,50,ice,,260,5,0
50,515,50,1000000,1.1,80,Freegeoフリージオ,Cryogonal,,615,95,135,105,ice,,148,5,0
40,305,85,1000000,0.4,50,Chobomakiチョボマキ,Shelmet,50,616,40,65,25,bug,,7.7,5,0
70,495,40,1000000,0.8,80,Agilderアギルダー,Accelgor,50,617,100,60,145,bug,,25.3,5,0
66,471,84,1000000,0.7,109,Maggyoマッギョ,Stunfisk,50,618,81,99,32,ground,electric,11,5,0
85,350,50,1059860,0.9,45,Kojofuコジョフー,Mienfoo,50,619,55,50,65,fighting,,20,5,0
125,510,60,1059860,1.4,65,Kojondoコジョンド,Mienshao,50,620,95,60,105,fighting,,35.5,5,0
120,485,90,1000000,1.6,77,Crimganクリムガン,Druddigon,50,621,60,90,48,dragon,,139,5,0
74,303,50,1000000,1,59,Gobitゴビット,Golett,,622,35,50,35,ground,ghost,92,5,0
124,483,80,1000000,2.8,89,Goloogゴルーグ,Golurk,,623,55,80,55,ground,ghost,330,5,0
85,340,70,1000000,0.5,45,Komatanaコマタナ,Pawniard,50,624,40,40,60,dark,steel,10.2,5,0
125,490,100,1000000,1.6,65,Kirikizanキリキザン,Bisharp,50,625,60,70,70,dark,steel,70,5,0
110,490,95,1000000,1.6,95,Buffronバッフロン,Bouffalant,50,626,40,95,55,normal,,94.6,5,0
83,350,50,1250000,0.5,70,Washibonワシボン,Rufflet,100,627,37,50,60,normal,flying,10.5,5,0
123,510,75,1250000,1.5,100,Warrgleウォーグル,Braviary,100,628,57,75,80,normal,flying,41,5,0
55,370,75,1250000,0.5,70,Valchaiバルチャイ,Vullaby,0,629,45,65,60,dark,flying,9,5,0
65,510,105,1250000,1.2,110,Vulginaバルジーナ,Mandibuzz,0,630,55,95,80,dark,flying,39.5,5,0
97,484,66,1000000,1.4,85,Kuitaranクイタラン,Heatmor,50,631,105,66,65,fire,,58,5,0
109,484,112,1000000,0.3,58,Aiantアイアント,Durant,50,632,48,48,109,bug,steel,33,5,0
65,300,50,1250000,0.8,52,Monozuモノズ,Deino,50,633,45,50,38,dark,dragon,17.3,5,0
85,420,70,1250000,1.4,72,Diheadジヘッド,Zweilous,50,634,65,70,58,dark,dragon,50,5,0
105,600,90,1250000,1.8,92,Sazandoraサザンドラ,Hydreigon,50,635,125,90,98,dark,dragon,160,5,0
85,360,55,1250000,1.1,55,Merlarvaメラルバ,Larvesta,50,636,50,55,60,bug,fire,28.8,5,0
60,550,65,1250000,1.6,85,Ulgamothウルガモス,Volcarona,50,637,135,105,100,bug,fire,46,5,0
90,580,129,1250000,2.1,91,Cobalonコバルオン,Cobalion,,638,90,72,108,steel,fighting,250,5,1
129,580,90,1250000,1.9,91,Terrakionテラキオン,Terrakion,,639,72,90,108,rock,fighting,260,5,1
90,580,72,1250000,2,91,Virizionビリジオン,Virizion,,640,90,129,108,grass,fighting,200,5,1
100,580,80,1250000,1.5,79,Tornelos (keshin Forme)トルネロス,Tornadus,100,641,110,90,121,flying,,63,5,1
105,580,70,1250000,1.5,79,Voltolos (keshin Forme)ボルトロス,Thundurus,100,642,145,80,101,electric,flying,61,5,1
120,680,100,1250000,3.2,100,Reshiramレシラム,Reshiram,,643,150,120,90,dragon,fire,330,5,1
150,680,120,1250000,2.9,100,Zekromゼクロム,Zekrom,,644,120,100,90,dragon,electric,345,5,1
145,600,90,1250000,1.5,89,Landlos (keshin Forme)ランドロス,Landorus,100,645,105,80,91,ground,flying,68,5,1
120,700,90,1250000,3,125,Kyuremキュレム,Kyurem,,646,170,100,95,dragon,ice,325,5,1
72,580,90,1250000,1.4,91,Keldeo (itsumo No Sugata)ケルディオ,Keldeo,,647,129,90,108,water,fighting,48.5,5,1
128,600,90,1250000,0.6,100,Meloetta (step Forme)メロエッタ,Meloetta,,648,77,77,128,normal,psychic,6.5,5,1
120,600,95,1250000,1.5,71,Genesectゲノセクト,Genesect,,649,120,95,99,bug,steel,82.5,5,1
61,313,65,1059860,0.4,56,Harimaronハリマロン,Chespin,88.1,650,48,45,38,grass,,9,6,0
78,405,95,1059860,0.7,61,Hariborgハリボーグ,Quilladin,88.1,651,56,58,57,grass,,29,6,0
107,530,122,1059860,1.6,88,Brigarronブリガロン,Chesnaught,88.1,652,74,75,64,grass,fighting,90,6,0
45,307,40,1059860,0.4,40,Fokkoフォッコ,Fennekin,88.1,653,62,60,60,fire,,9.4,6,0
59,409,58,1059860,1,59,Tairenarテールナー,Braixen,88.1,654,90,70,73,fire,,14.5,6,0
69,534,72,1059860,1.5,75,Mahoxyマフォクシー,Delphox,88.1,655,114,100,104,fire,psychic,39,6,0
56,314,40,1059860,0.3,41,Keromatsuケロマツ,Froakie,88.1,656,62,44,71,water,,7,6,0
63,405,52,1059860,0.6,54,Gekogashiraゲコガシラ,Frogadier,88.1,657,83,56,97,water,,10.9,6,0
145,640,67,1059860,1.5,72,Gekkougaゲッコウガ,Greninja,88.1,658,153,71,132,water,dark,40,6,0
36,237,38,1000000,0.4,38,Horubeeホルビー,Bunnelby,50,659,32,36,57,normal,,5,6,0
56,423,77,1000000,1,85,Horudoホルード,Diggersby,50,660,50,77,78,normal,ground,42.4,6,0
50,278,43,1059860,0.3,45,Yayakomaヤヤコマ,Fletchling,50,661,40,38,62,normal,flying,1.7,6,0
73,382,55,1059860,0.7,62,Hinoyakomaヒノヤコマ,Fletchinder,50,662,56,52,84,fire,flying,16,6,0
81,499,71,1059860,1.2,78,Fiarrowファイアロー,Talonflame,50,663,74,69,126,fire,flying,24.5,6,0
35,200,40,1000000,0.3,38,Kofukimushiコフキムシ,Scatterbug,50,664,27,25,35,bug,,2.5,6,0
22,213,60,1000000,0.3,45,Kofuuraiコフーライ,Spewpa,50,665,27,30,29,bug,,8.4,6,0
52,411,50,1000000,1.2,80,Viviyonビビヨン,Vivillon,50,666,90,50,89,bug,flying,17,6,0
50,369,58,1059860,0.6,62,Shishikoシシコ,Litleo,11.2,667,73,54,72,fire,normal,13.5,6,0
68,507,72,1059860,1.5,86,Kaenjishiカエンジシ,Pyroar,11.2,668,109,66,106,fire,normal,81.5,6,0
38,303,39,1000000,0.1,44,Flabebeフラベベ,Flabébé,0,669,61,79,42,fairy,,0.1,6,0
65,551,67,1000000,0.2,74,Floetteフラエッテ,Floette,0,670,125,128,92,fairy,,0.9,6,0
65,552,68,1000000,1.1,78,Florgesフラージェス,Florges,0,671,112,154,75,fairy,,10,6,0
65,350,48,1000000,0.9,66,Meecleメェークル,Skiddo,50,672,62,57,52,grass,,31,6,0
100,531,62,1000000,1.7,123,Gogoatゴーゴート,Gogoat,50,673,97,81,68,grass,,91,6,0
82,348,62,1000000,0.6,67,Yanchamヤンチャム,Pancham,50,674,46,48,43,fighting,,8,6,0
124,495,78,1000000,2.1,95,Gorondaゴロンダ,Pangoro,50,675,69,71,58,fighting,dark,136,6,0
80,472,60,1000000,1.2,75,Trimmienトリミアン,Furfrou,50,676,65,90,102,normal,,28,6,0
48,355,54,1000000,0.3,62,Nyasperニャスパー,Espurr,50,677,63,60,68,psychic,,3.5,6,0
48,466,76,1000000,0.6,74,Nyaonixニャオニクス,Meowstic,50,678,83,81,104,psychic,,8.5,6,0
80,325,100,1000000,0.8,45,Hitotsukiヒトツキ,Honedge,50,679,35,37,28,steel,ghost,2,6,0
110,448,150,1000000,0.8,59,Nidangillニダンギル,Doublade,50,680,45,49,35,steel,ghost,4.5,6,0
150,520,50,1000000,1.7,60,Gillgardギルガルド,Aegislash,50,681,150,50,60,steel,ghost,53,6,0
52,341,60,1000000,0.2,78,Shushupuシュシュプ,Spritzee,50,682,63,65,23,fairy,,0.5,6,0
72,462,72,1000000,0.8,101,Frefuwanフレフワン,Aromatisse,50,683,99,89,29,fairy,,15.5,6,0
48,341,66,1000000,0.4,62,Peroppafuペロッパフ,Swirlix,50,684,59,57,49,fairy,,3.5,6,0
80,480,86,1000000,0.8,82,Peroreamペロリーム,Slurpuff,50,685,85,75,72,fairy,,5,6,0
54,288,53,1000000,0.4,53,Maaiikaマーイーカ,Inkay,50,686,37,46,45,dark,psychic,3.5,6,0
92,482,88,1000000,1.5,86,Calamaneroカラマネロ,Malamar,50,687,68,75,73,dark,psychic,47,6,0
52,306,67,1000000,0.5,42,Kameteteカメテテ,Binacle,50,688,39,56,50,rock,water,31,6,0
105,500,115,1000000,1.3,72,Gamenodesガメノデス,Barbaracle,50,689,54,86,68,rock,water,96,6,0
60,320,60,1000000,0.5,50,Kuzumoクズモー,Skrelp,50,690,60,60,30,poison,water,7.3,6,0
75,494,90,1000000,1.8,65,Dramidoroドラミドロ,Dragalge,50,691,97,123,44,poison,dragon,81.5,6,0
53,330,62,1250000,0.5,50,Udeppouウデッポウ,Clauncher,50,692,58,63,44,water,,8.3,6,0
73,500,88,1250000,1.3,71,Blosterブロスター,Clawitzer,50,693,120,89,59,water,,35.3,6,0
38,289,33,1000000,0.5,44,Erikiteruエリキテル,Helioptile,50,694,61,43,70,electric,normal,6,6,0
55,481,52,1000000,1,62,Elezardエレザード,Heliolisk,50,695,109,94,109,electric,normal,21,6,0
89,362,77,1000000,0.8,58,Chigorasチゴラス,Tyrunt,88.1,696,45,45,48,rock,dragon,26,6,0
121,521,119,1000000,2.5,82,Gachigorasガチゴラス,Tyrantrum,88.1,697,69,59,71,rock,dragon,270,6,0
59,362,50,1000000,1.3,77,Amarusアマルス,Amaura,88.1,698,67,63,46,rock,ice,25.2,6,0
77,521,72,1000000,2.7,123,Amarurugaアマルルガ,Aurorus,88.1,699,99,92,58,rock,ice,225,6,0
65,525,65,1000000,1,95,Nymphiaニンフィア,Sylveon,88.1,700,110,130,60,fairy,,23.5,6,0
92,500,75,1000000,0.8,78,Luchabullルチャブル,Hawlucha,50,701,74,63,118,fighting,flying,21.5,6,0
58,431,57,1000000,0.2,67,Dedenneデデンネ,Dedenne,50,702,81,67,101,electric,fairy,2.2,6,0
50,500,150,1250000,0.3,50,Melecieメレシー,Carbink,,703,50,150,50,rock,fairy,5.7,6,0
50,300,35,1250000,0.3,45,Numeraヌメラ,Goomy,50,704,55,75,40,dragon,,2.8,6,0
75,452,53,1250000,0.8,68,Numeilヌメイル,Sliggoo,50,705,83,113,60,dragon,,17.5,6,0
100,600,70,1250000,2,90,Numelgonヌメルゴン,Goodra,50,706,110,150,80,dragon,,150.5,6,0
80,470,91,800000,0.2,57,Cleffyクレッフィ,Klefki,50,707,80,87,75,steel,fairy,3,6,0
70,309,48,1000000,0.4,43,Bokureiボクレー,Phantump,50,708,50,60,38,ghost,grass,7,6,0
110,474,76,1000000,1.5,85,Ohrotオーロット,Trevenant,50,709,65,82,56,ghost,grass,71,6,0
66,335,70,1000000,0.8,59,Bakecchaバケッチャ,Pumpkaboo,50,710,44,55,41,ghost,grass,15,6,0
100,494,122,1000000,1.7,85,Pumpjinパンプジン,Gourgeist,50,711,58,75,54,ghost,grass,39,6,0
69,304,85,1000000,1,55,Kachikohruカチコール,Bergmite,50,712,32,35,28,ice,,99.5,6,0
117,514,184,1000000,2,95,Crebaseクレベース,Avalugg,50,713,44,46,28,ice,,505,6,0
30,245,35,1000000,0.5,40,Onbatオンバット,Noibat,50,714,45,40,55,flying,dragon,8,6,0
70,535,80,1000000,1.5,85,Onvernオンバーン,Noivern,50,715,97,80,123,flying,dragon,85,6,0
131,680,95,1250000,3,126,Xerneasゼルネアス,Xerneas,,716,131,98,99,fairy,,215,6,1
131,680,95,1250000,5.8,126,Yveltalイベルタル,Yveltal,,717,131,98,99,dark,flying,203,6,1
100,708,121,1250000,5,216,Zygarde (10% Forme)ジガルデ,Zygarde,,718,91,95,85,dragon,ground,284.6,6,1
160,700,110,1250000,0.7,50,Diancieディアンシー,Diancie,,719,160,110,110,rock,fairy,8.8,6,1
160,680,60,1250000,,80,Hoopa (imashimerareshi Hoopa)フーパ,Hoopa,,720,170,130,80,psychic,ghost,,6,1
110,600,120,1250000,1.7,80,Volcanionボルケニオン,Volcanion,,721,130,90,70,fire,water,195,6,1
55,320,55,1059860,0.3,68,Mokurohモクロー,Rowlet,88.1,722,50,50,42,grass,flying,1.5,7,0
75,420,75,1059860,0.7,78,Fukuthrowフクスロー,Dartrix,88.1,723,70,70,52,grass,flying,16,7,0
107,530,75,1059860,1.6,78,Junaiperジュナイパー,Decidueye,88.1,724,100,100,70,grass,ghost,36.6,7,0
65,320,40,1059860,0.4,45,Nyabbyニャビー,Litten,88.1,725,60,40,70,fire,,4.3,7,0
85,420,50,1059860,0.7,65,Nyaheatニャヒート,Torracat,88.1,726,80,50,90,fire,,25,7,0
115,530,90,1059860,1.8,95,Gaogaenガオガエン,Incineroar,88.1,727,80,90,60,fire,dark,83,7,0
54,320,54,1059860,0.4,50,Ashimariアシマリ,Popplio,88.1,728,66,56,40,water,,7.5,7,0
69,420,69,1059860,0.6,60,Osyamariオシャマリ,Brionne,88.1,729,91,81,50,water,,17.5,7,0
74,530,74,1059860,1.8,80,Ashireneアシレーヌ,Primarina,88.1,730,126,116,60,water,fairy,44,7,0
75,265,30,1000000,0.3,35,Tsutsukeraツツケラ,Pikipek,50,731,30,30,65,normal,flying,1.2,7,0
85,355,50,1000000,0.6,55,Kerarappaケララッパ,Trumbeak,50,732,40,50,75,normal,flying,14.8,7,0
120,485,75,1000000,1.1,80,Dodekabashiドデカバシ,Toucannon,50,733,75,75,60,normal,flying,26,7,0
70,253,30,1000000,0.4,48,Youngooseヤングース,Yungoos,50,734,30,30,45,normal,,6,7,0
110,418,60,1000000,0.7,88,Dekagooseデカグース,Gumshoos,50,735,55,60,45,normal,,14.2,7,0
62,300,45,1000000,0.4,47,Agojimushiアゴジムシ,Grubbin,50,736,55,45,46,bug,,4.4,7,0
82,400,95,1000000,0.5,57,Dendimushiデンヂムシ,Charjabug,50,737,55,75,36,bug,electric,10.5,7,0
70,500,90,1000000,1.5,77,Kuwagannonクワガノン,Vikavolt,50,738,145,75,43,bug,electric,45,7,0
82,338,57,1000000,0.6,47,Makenkaniマケンカニ,Crabrawler,50,739,42,47,63,fighting,,7,7,0
132,478,77,1000000,1.7,97,Kekenkaniケケンカニ,Crabominable,50,740,62,67,43,fighting,ice,180,7,0
70,476,70,1000000,0.6,75,Odoridori (pachipachi Style)オドリドリ,Oricorio,24.6,741,98,70,93,fire,flying,3.4,7,0
45,304,40,1000000,0.1,40,Abulyアブリー,Cutiefly,50,742,55,40,84,bug,fairy,0.2,7,0
55,464,60,1000000,0.2,60,Aburibbonアブリボン,Ribombee,50,743,95,70,124,bug,fairy,0.5,7,0
65,280,40,1000000,0.5,45,Iwankoイワンコ,Rockruff,50,744,30,40,60,rock,,9.2,7,0
115,487,75,1000000,,85,Lugarugan (mahiru No Sugata)ルガルガン,Lycanroc,50,745,55,75,82,rock,,,7,0
140,620,130,800000,0.2,45,Yowashi (tandoku No Sugata)ヨワシ,Wishiwashi,50,746,140,135,30,water,,0.3,7,0
53,305,62,1000000,0.4,50,Hidoideヒドイデ,Mareanie,50,747,43,52,45,poison,water,8,7,0
63,495,152,1000000,0.7,50,Dohidoideドヒドイデ,Toxapex,50,748,53,142,35,poison,water,14.5,7,0
100,385,70,1000000,1,70,Dorobankoドロバンコ,Mudbray,50,749,45,55,45,ground,,110,7,0
125,500,100,1000000,2.5,100,Banbadoroバンバドロ,Mudsdale,50,750,55,85,35,ground,,920,7,0
40,269,52,1000000,0.3,38,Shizukumoシズクモ,Dewpider,50,751,40,72,27,water,bug,4,7,0
70,454,92,1000000,1.8,68,Onishizukumoオニシズクモ,Araquanid,50,752,50,132,42,water,bug,82,7,0
55,250,35,1000000,0.3,40,Karikiriカリキリ,Fomantis,50,753,50,35,35,grass,,1.5,7,0
105,480,90,1000000,0.9,70,Lalantesラランテス,Lurantis,50,754,80,90,45,grass,,18.5,7,0
35,285,55,1000000,0.2,40,Nemasyuネマシュ,Morelull,50,755,65,75,15,grass,fairy,1.5,7,0
45,405,80,1000000,1,60,Mashadeマシェード,Shiinotic,50,756,90,100,30,grass,fairy,11.5,7,0
44,320,40,1000000,0.6,48,Yatoumoriヤトウモリ,Salandit,88.1,757,71,40,77,poison,fire,4.8,7,0
64,480,60,1000000,1.2,68,Ennewtエンニュート,Salazzle,0,758,111,60,117,poison,fire,22.2,7,0
75,340,50,1000000,0.5,70,Nuikogumaヌイコグマ,Stufful,50,759,45,50,50,normal,fighting,6.8,7,0
125,500,80,1000000,2.1,120,Kiterugumaキテルグマ,Bewear,50,760,55,60,60,normal,fighting,135,7,0
30,210,38,1059860,0.3,42,Amakajiアマカジ,Bounsweet,0,761,30,38,32,grass,,3.2,7,0
40,290,48,1059860,0.7,52,Amamaikoアママイコ,Steenee,0,762,40,48,62,grass,,8.2,7,0
120,510,98,1059860,1.2,72,Amajoアマージョ,Tsareena,0,763,50,98,72,grass,,21.4,7,0
52,485,90,800000,0.1,51,Cuwawaキュワワー,Comfey,24.6,764,82,110,100,fairy,,0.3,7,0
60,490,80,1250000,1.5,90,Yareyuutanヤレユータン,Oranguru,50,765,90,110,60,normal,psychic,76,7,0
120,490,90,1250000,2,100,Nagetukesaruナゲツケサル,Passimian,50,766,40,60,80,fighting,,82.8,7,0
35,230,40,1000000,0.5,25,Kosokumushiコソクムシ,Wimpod,50,767,20,30,80,bug,water,12,7,0
125,530,140,1000000,2,75,Gusokumushaグソクムシャ,Golisopod,50,768,60,90,40,bug,water,108,7,0
55,320,80,1000000,0.5,55,Sunabaスナバァ,Sandygast,50,769,70,45,15,ghost,ground,70,7,0
75,480,110,1000000,1.3,85,Sirodethnaシロデスナ,Palossand,50,770,100,75,35,ghost,ground,250,7,0
60,410,130,800000,0.3,55,Namakobushiナマコブシ,Pyukumuku,50,771,30,130,5,water,,1.2,7,0
95,534,95,1250000,1.9,95,Type: Nullタイプ：ヌル,Type: Null,,772,95,95,59,normal,,120.5,7,0
95,570,95,1250000,2.3,95,Silvadyシルヴァディ,Silvally,,773,95,95,95,normal,,100.5,7,0
100,500,60,1059860,0.3,60,Metenoメテノ,Minior,,774,100,60,120,rock,flying,40,7,0
115,480,65,1250000,0.4,65,Nekkoaraネッコアラ,Komala,50,775,75,95,65,normal,,19.9,7,0
78,485,135,1000000,2,60,Bakugamesバクガメス,Turtonator,50,776,91,85,36,fire,dragon,212,7,0
98,435,63,1000000,0.3,65,Togedemaruトゲデマル,Togedemaru,50,777,40,73,96,electric,steel,3.3,7,0
90,476,80,1000000,0.2,55,Mimikkyuミミッキュ,Mimikyu,50,778,50,105,96,ghost,fairy,0.7,7,0
105,475,70,1000000,0.9,68,Hagigishiriハギギシリ,Bruxish,50,779,70,70,92,water,psychic,19,7,0
60,485,85,1000000,3,78,Jijilongジジーロン,Drampa,50,780,135,91,36,normal,dragon,185,7,0
131,517,100,1000000,3.9,70,Dadarinダダリン,Dhelmise,,781,86,90,40,ghost,grass,210,7,0
55,300,65,1250000,0.6,45,Jyarakoジャラコ,Jangmo-o,50,782,45,45,45,dragon,,29.7,7,0
75,420,90,1250000,1.2,55,Jyarangoジャランゴ,Hakamo-o,50,783,65,70,65,dragon,fighting,47,7,0
110,600,125,1250000,1.6,75,Jyararangaジャラランガ,Kommo-o,50,784,100,105,85,dragon,fighting,78.2,7,0
115,570,85,1250000,1.8,70,Kapu-kokekoカプ・コケコ,Tapu Koko,,785,95,75,130,electric,fairy,20.5,7,1
85,570,75,1250000,1.2,70,Kapu-tetefuカプ・テテフ,Tapu Lele,,786,130,115,95,psychic,fairy,18.6,7,1
130,570,115,1250000,1.9,70,Kapu-bululカプ・ブルル,Tapu Bulu,,787,85,95,75,grass,fairy,45.5,7,1
75,570,115,1250000,1.3,70,Kapu-rehireカプ・レヒレ,Tapu Fini,,788,95,130,85,water,fairy,21.2,7,1
29,200,31,1250000,0.2,43,Cosmogコスモッグ,Cosmog,,789,29,31,37,psychic,,0.1,7,1
29,400,131,1250000,0.1,43,Cosmovumコスモウム,Cosmoem,,790,29,131,37,psychic,,999.9,7,1
137,680,107,1250000,3.4,137,Solgaleoソルガレオ,Solgaleo,,791,113,89,97,psychic,steel,230,7,1
113,680,89,1250000,4,137,Lunalaルナアーラ,Lunala,,792,137,107,97,psychic,ghost,120,7,1
53,570,47,1250000,1.2,109,Uturoidウツロイド,Nihilego,,793,127,131,103,rock,poison,55.5,7,1
139,570,139,1250000,2.4,107,Massivoonマッシブーン,Buzzwole,,794,53,53,79,bug,fighting,333.6,7,1
137,570,37,1250000,1.8,71,Pheroacheフェローチェ,Pheromosa,,795,137,37,151,bug,fighting,25,7,1
89,570,71,1250000,3.8,83,Denjyumokuデンジュモク,Xurkitree,,796,173,71,83,electric,,100,7,1
101,570,103,1250000,9.2,97,Tekkaguyaテッカグヤ,Celesteela,,797,107,101,61,steel,flying,999.9,7,1
181,570,131,1250000,0.3,59,Kamiturugiカミツルギ,Kartana,,798,59,31,109,grass,steel,0.1,7,1
101,570,53,1250000,5.5,223,Akuzikingアクジキング,Guzzlord,,799,97,53,43,dark,dragon,888,7,1
107,600,101,1250000,2.4,97,Necrozmaネクロズマ,Necrozma,,800,127,89,79,psychic,,230,7,1
95,600,115,1250000,1,80,Magearnaマギアナ,Magearna,,801,130,115,65,steel,fairy,80.5,7,1
